,yield,futures,cash_pnl,futures_pnl,pnl
2010-01-05,3.77,116.203125,60000.00000000006,-67187.5,-7187.499999999942
2010-01-06,3.85,115.96875,-60000.00000000006,23437.5,-36562.50000000006
2010-01-07,3.85,115.84375,-0.0,12500.0,12500.0
2010-01-08,3.83,116.03125,15000.000000000015,-18750.0,-3749.9999999999854
2010-01-11,3.85,116.03125,-15000.000000000015,-0.0,-15000.000000000015
2010-01-12,3.74,116.75,82499.99999999991,-71875.0,10624.999999999913
2010-01-13,3.8,116.390625,-44999.9999999997,35937.5,-9062.499999999702
2010-01-14,3.76,116.75,30000.00000000003,-35937.5,-5937.499999999971
2010-01-15,3.7,117.28125,44999.9999999997,-53125.0,-8125.000000000298
2010-01-19,3.73,117.078125,-22499.99999999985,20312.5,-2187.499999999851
2010-01-20,3.68,117.40625,37499.99999999987,-32812.5,4687.499999999869
2010-01-21,3.62,117.8125,45000.00000000004,-40625.0,4375.000000000036
2010-01-22,3.62,117.90625,-0.0,-9375.0,-9375.0
2010-01-25,3.66,117.734375,-30000.00000000003,17187.5,-12812.50000000003
2010-01-26,3.65,117.828125,7500.000000000174,-9375.0,-1874.9999999998263
2010-01-27,3.66,117.65625,-7500.000000000174,17187.5,9687.499999999825
2010-01-28,3.68,117.703125,-15000.000000000015,-4687.5,-19687.500000000015
2010-01-29,3.63,118.15625,37500.0000000002,-45312.5,-7812.499999999804
2010-02-01,3.68,117.859375,-37500.0000000002,29687.5,-7812.500000000196
2010-02-02,3.67,118.015625,7500.000000000174,-15625.0,-8124.999999999826
2010-02-03,3.73,117.578125,-45000.00000000004,43750.0,-1250.0000000000364
2010-02-04,3.62,118.25,82499.99999999991,-67187.5,15312.499999999913
2010-02-05,3.59,118.859375,22500.00000000019,-60937.5,-38437.49999999981
2010-02-08,3.62,118.484375,-22500.00000000019,37500.0,14999.99999999981
2010-02-09,3.67,118.234375,-37499.99999999987,25000.0,-12499.999999999869
2010-02-10,3.72,117.90625,-37500.0000000002,32812.5,-4687.500000000196
2010-02-11,3.73,117.765625,-7499.999999999841,14062.5,6562.500000000159
2010-02-12,3.69,118.078125,30000.00000000003,-31250.0,-1249.999999999971
2010-02-16,3.66,118.3125,22499.99999999985,-23437.5,-937.5000000001492
2010-02-17,3.74,117.671875,-60000.00000000006,64062.5,4062.499999999942
2010-02-18,3.79,117.203125,-37499.99999999987,46875.0,9375.000000000131
2010-02-19,3.78,117.1875,7500.000000000174,1562.5,9062.500000000175
2010-02-22,3.8,117.1875,-15000.000000000015,-0.0,-15000.000000000015
2010-02-23,3.69,118.046875,82499.99999999991,-85937.5,-3437.5000000000873
2010-02-24,3.7,118.078125,-7500.000000000174,-3125.0,-10625.000000000175
2010-02-25,3.64,118.5625,45000.00000000004,-48437.5,-3437.4999999999636
2010-02-26,3.61,118.90625,22500.00000000019,-34375.0,-11874.99999999981
2010-03-01,3.61,118.875,-0.0,3125.0,3125.0
2010-03-02,3.62,118.890625,-7500.000000000174,-1562.5,-9062.500000000175
2010-03-03,3.63,118.90625,-7499.999999999841,-1562.5,-9062.49999999984
2010-03-04,3.61,118.96875,15000.000000000015,-6250.0,8750.000000000015
2010-03-05,3.69,118.5,-60000.00000000006,46875.0,-13125.000000000058
2010-03-08,3.72,118.375,-22500.00000000019,12500.0,-10000.00000000019
2010-03-09,3.71,118.515625,7500.000000000174,-14062.5,-6562.499999999826
2010-03-10,3.73,118.34375,-15000.000000000015,17187.5,2187.4999999999854
2010-03-11,3.73,118.25,-0.0,9375.0,9375.0
2010-03-12,3.71,118.25,15000.000000000015,-0.0,15000.000000000015
2010-03-15,3.71,118.3125,-0.0,-6250.0,-6250.0
2010-03-16,3.66,118.765625,37499.99999999987,-45312.5,-7812.500000000131
2010-03-17,3.65,118.765625,7500.000000000174,-0.0,7500.000000000174
2010-03-29,3.88,115.9375,-15000.000000000015,1562.5,-13437.500000000015
2010-03-30,3.88,115.9375,-0.0,-0.0,-0.0
2010-03-31,3.84,116.25,30000.00000000003,-31250.0,-1249.999999999971
2010-04-01,3.89,116.03125,-37500.0000000002,21875.0,-15625.000000000196
2010-04-05,4.01,115.0,-89999.99999999975,103125.0,13125.000000000247
2010-04-06,3.98,115.21875,22499.99999999985,-21875.0,624.9999999998508
2010-04-07,3.89,116.015625,67499.9999999999,-79687.5,-12187.500000000102
2010-04-08,3.91,115.8125,-15000.000000000015,20312.5,5312.499999999985
2010-04-09,3.9,115.90625,7500.000000000174,-9375.0,-1874.9999999998263
2010-04-12,3.87,116.25,22499.99999999985,-34375.0,-11875.00000000015
2010-04-13,3.84,116.578125,22500.00000000019,-32812.5,-10312.49999999981
2010-04-14,3.88,116.28125,-30000.00000000003,29687.5,-312.5000000000291
2010-04-15,3.86,116.390625,15000.000000000015,-10937.5,4062.5000000000146
2010-04-16,3.79,117.078125,52499.999999999876,-68750.0,-16250.000000000124
2010-04-19,3.83,116.796875,-30000.00000000003,28125.0,-1875.000000000029
2010-04-20,3.82,116.765625,7500.000000000174,3125.0,10625.000000000175
2010-04-21,3.77,117.1875,37499.99999999987,-42187.5,-4687.500000000131
2010-04-22,3.8,116.828125,-22499.99999999985,35937.5,13437.50000000015
2010-04-23,3.84,116.453125,-30000.00000000003,37500.0,7499.999999999971
2010-04-26,3.83,116.578125,7499.999999999841,-12500.0,-5000.000000000159
2010-04-27,3.71,117.65625,90000.00000000007,-107812.5,-17812.499999999927
2010-04-28,3.8,117.0,-67499.9999999999,65625.0,-1874.9999999998981
2010-04-29,3.76,117.4375,30000.00000000003,-43750.0,-13749.99999999997
2010-04-30,3.69,117.90625,52499.999999999876,-46875.0,5624.999999999876
2010-05-03,3.72,117.484375,-22500.00000000019,42187.5,19687.49999999981
2010-05-04,3.63,118.140625,67500.00000000023,-65625.0,1875.0000000002328
2010-05-05,3.58,118.671875,37499.99999999987,-53125.0,-15625.000000000131
2010-05-06,3.41,119.921875,127499.99999999996,-125000.0,2499.9999999999563
2010-05-07,3.45,119.6875,-30000.00000000003,23437.5,-6562.500000000029
2010-05-10,3.57,118.9375,-89999.99999999975,75000.0,-14999.999999999753
2010-05-11,3.56,119.015625,7499.999999999841,-7812.5,-312.50000000015916
2010-05-12,3.56,118.796875,-0.0,21875.0,21875.0
2010-05-13,3.55,118.859375,7500.000000000174,-6250.0,1250.0000000001737
2010-05-14,3.44,119.765625,82499.99999999991,-90625.0,-8125.000000000087
2010-05-17,3.47,119.578125,-22500.00000000019,18750.0,-3750.000000000189
2010-05-18,3.38,120.203125,67500.00000000023,-62500.0,5000.000000000233
2010-05-19,3.36,120.25,15000.000000000015,-4687.5,10312.500000000015
2010-05-20,3.25,120.953125,82499.99999999991,-70312.5,12187.499999999913
2010-05-21,3.2,121.3125,37499.99999999987,-35937.5,1562.499999999869
2010-05-24,3.23,121.171875,-22499.99999999985,14062.5,-8437.49999999985
2010-05-25,3.18,121.671875,37499.99999999987,-50000.0,-12500.000000000131
2010-05-26,3.21,121.15625,-22499.99999999985,51562.5,29062.50000000015
2010-05-27,3.34,120.3125,-97499.99999999993,84375.0,-13124.999999999927
2010-05-28,3.31,120.671875,22499.99999999985,-35937.5,-13437.50000000015
2010-06-01,3.29,120.671875,15000.000000000015,-0.0,15000.000000000015
2010-06-02,3.35,120.375,-45000.00000000004,29687.5,-15312.500000000036
2010-06-03,3.39,120.1875,-30000.00000000003,18750.0,-11250.00000000003
2010-06-04,3.2,121.546875,142499.99999999994,-135937.5,6562.499999999942
2010-06-07,3.17,121.65625,22500.00000000019,-10937.5,11562.50000000019
2010-06-08,3.18,121.8125,-7500.000000000174,-15625.0,-23125.000000000175
2010-06-09,3.2,121.640625,-15000.000000000015,17187.5,2187.4999999999854
2010-06-10,3.33,120.625,-97499.99999999993,101562.5,4062.5000000000728
2010-06-11,3.24,121.390625,67499.9999999999,-76562.5,-9062.500000000102
2010-06-14,3.28,120.953125,-29999.999999999694,43750.0,13750.000000000306
2010-06-15,3.32,120.71875,-30000.00000000003,23437.5,-6562.500000000029
2010-06-16,3.27,120.890625,37499.99999999987,-17187.5,20312.49999999987
2010-06-17,3.21,121.546875,45000.00000000004,-65625.0,-20624.999999999964
2010-06-28,3.05,122.140625,52500.00000000022,-65625.0,-13124.999999999782
2010-06-29,2.97,122.53125,59999.999999999716,-39062.5,20937.499999999716
2010-06-30,2.97,122.546875,-0.0,-1562.5,-1562.5
2010-07-01,2.96,122.609375,7500.000000000174,-6250.0,1250.0000000001737
2010-07-02,3.0,122.3125,-30000.00000000003,29687.5,-312.5000000000291
2010-07-06,2.95,122.734375,37499.99999999987,-42187.5,-4687.500000000131
2010-07-07,3.0,122.4375,-37499.99999999987,29687.5,-7812.499999999869
2010-07-08,3.04,122.15625,-30000.00000000003,28125.0,-1875.000000000029
2010-07-09,3.07,121.921875,-22499.99999999985,23437.5,937.5000000001492
2010-07-12,3.08,122.109375,-7500.000000000174,-18750.0,-26250.000000000175
2010-07-13,3.15,121.65625,-52499.999999999876,45312.5,-7187.499999999876
2010-07-14,3.07,122.234375,60000.00000000006,-57812.5,2187.500000000058
2010-07-15,3.0,122.78125,52499.999999999876,-54687.5,-2187.5000000001237
2010-07-16,2.96,123.203125,30000.00000000003,-42187.5,-12187.49999999997
2010-07-19,2.99,123.03125,-22500.00000000019,17187.5,-5312.500000000189
2010-07-20,2.98,123.234375,7500.000000000174,-20312.5,-12812.499999999825
2010-07-21,2.9,123.5,60000.00000000006,-26562.5,33437.50000000006
2010-07-22,2.96,123.171875,-45000.00000000004,32812.5,-12187.500000000036
2010-07-23,3.02,122.671875,-45000.00000000004,50000.0,4999.999999999964
2010-07-26,3.03,122.734375,-7499.999999999841,-6250.0,-13749.99999999984
2010-07-27,3.08,122.328125,-37500.0000000002,40625.0,3124.9999999998035
2010-07-28,3.03,122.859375,37500.0000000002,-53125.0,-15624.999999999804
2010-07-29,3.03,123.09375,-0.0,-23437.5,-23437.5
2010-07-30,2.94,123.8125,67499.9999999999,-71875.0,-4375.000000000102
2010-08-02,2.99,123.421875,-37500.0000000002,39062.5,1562.4999999998035
2010-08-03,2.94,123.984375,37500.0000000002,-56250.0,-18749.999999999804
2010-08-04,2.98,123.625,-30000.00000000003,35937.5,5937.499999999971
2010-08-05,2.94,123.890625,30000.00000000003,-26562.5,3437.500000000029
2010-08-06,2.86,124.578125,60000.00000000006,-68750.0,-8749.999999999942
2010-08-09,2.86,124.515625,-0.0,6250.0,6250.0
2010-08-10,2.79,124.984375,52499.999999999876,-46875.0,5624.999999999876
2010-08-11,2.72,125.609375,52499.999999999876,-62500.0,-10000.000000000124
2010-08-12,2.74,125.34375,-15000.000000000015,26562.5,11562.499999999985
2010-08-13,2.68,125.578125,45000.00000000004,-23437.5,21562.500000000036
2010-08-16,2.58,126.203125,75000.00000000007,-62500.0,12500.000000000073
2010-08-17,2.64,125.671875,-45000.00000000004,53125.0,8124.999999999964
2010-08-18,2.64,125.609375,-0.0,6250.0,6250.0
2010-08-19,2.58,125.953125,45000.00000000004,-34375.0,10625.000000000036
2010-08-20,2.62,125.53125,-30000.00000000003,42187.5,12187.49999999997
2010-08-23,2.6,125.65625,15000.000000000015,-12500.0,2500.0000000000146
2010-08-24,2.5,126.40625,75000.00000000007,-75000.0,7.275957614183426e-11
2010-08-25,2.54,125.921875,-30000.00000000003,48437.5,18437.49999999997
2010-08-26,2.5,126.21875,30000.00000000003,-29687.5,312.5000000000291
2010-08-27,2.66,125.1875,-120000.00000000012,103125.0,-16875.000000000116
2010-08-30,2.54,126.09375,90000.00000000007,-90625.0,-624.9999999999272
2010-08-31,2.47,126.5,52499.999999999876,-40625.0,11874.999999999876
2010-09-01,2.58,125.734375,-82499.99999999991,76562.5,-5937.499999999913
2010-09-02,2.63,125.5,-37499.99999999987,23437.5,-14062.499999999869
2010-09-03,2.72,125.0,-67500.00000000023,50000.0,-17500.000000000233
2010-09-07,2.61,125.828125,82500.00000000023,-82812.5,-312.49999999976717
2010-09-08,2.66,125.421875,-37500.0000000002,40625.0,3124.9999999998035
2010-09-09,2.77,124.65625,-82499.99999999991,76562.5,-5937.499999999913
2010-09-10,2.81,124.421875,-30000.00000000003,23437.5,-6562.500000000029
2010-09-13,2.74,124.9375,52499.999999999876,-51562.5,937.4999999998763
2010-09-14,2.68,125.453125,45000.00000000004,-51562.5,-6562.499999999964
2010-09-15,2.74,125.21875,-45000.00000000004,23437.5,-21562.500000000036
2010-09-16,2.77,125.0,-22499.99999999985,21875.0,-624.9999999998508
2010-09-17,2.75,125.234375,15000.000000000015,-23437.5,-8437.499999999985
2010-09-27,2.54,125.953125,60000.00000000006,-73437.5,-13437.499999999942
2010-09-28,2.48,126.4375,45000.00000000004,-48437.5,-3437.4999999999636
2010-09-29,2.52,126.15625,-30000.00000000003,28125.0,-1875.000000000029
2010-09-30,2.53,126.046875,-7499.999999999841,10937.5,3437.500000000159
2010-10-01,2.54,126.078125,-7500.000000000174,-3125.0,-10625.000000000175
2010-10-04,2.5,126.46875,30000.00000000003,-39062.5,-9062.49999999997
2010-10-05,2.5,126.640625,-0.0,-17187.5,-17187.5
2010-10-06,2.41,127.09375,67499.9999999999,-45312.5,22187.499999999898
2010-10-07,2.41,127.140625,-0.0,-4687.5,-4687.5
2010-10-08,2.41,127.3125,-0.0,-17187.5,-17187.5
2010-10-12,2.44,127.078125,-22499.99999999985,23437.5,937.5000000001492
2010-10-13,2.46,127.21875,-15000.000000000015,-14062.5,-29062.500000000015
2010-10-14,2.52,126.671875,-45000.00000000004,54687.5,9687.499999999964
2010-10-15,2.59,126.234375,-52499.999999999876,43750.0,-8749.999999999876
2010-10-18,2.52,126.890625,52499.999999999876,-65625.0,-13125.000000000124
2010-10-19,2.5,127.03125,15000.000000000015,-14062.5,937.5000000000146
2010-10-20,2.51,127.046875,-7499.999999999841,-1562.5,-9062.49999999984
2010-10-21,2.57,126.640625,-45000.00000000004,40625.0,-4375.000000000036
2010-10-22,2.59,126.421875,-15000.000000000015,21875.0,6874.999999999985
2010-10-25,2.59,126.421875,-0.0,-0.0,-0.0
2010-10-26,2.67,125.71875,-60000.00000000006,70312.5,10312.499999999942
2010-10-27,2.75,125.21875,-60000.00000000006,50000.0,-10000.000000000058
2010-10-28,2.69,125.859375,45000.00000000004,-64062.5,-19062.499999999964
2010-10-29,2.63,126.28125,45000.00000000004,-42187.5,2812.5000000000364
2010-11-01,2.66,126.3125,-22500.00000000019,-3125.0,-25625.00000000019
2010-11-02,2.63,126.53125,22500.00000000019,-21875.0,625.0000000001892
2010-11-03,2.67,126.578125,-30000.00000000003,-4687.5,-34687.50000000003
2010-11-04,2.53,127.75,105000.00000000009,-117187.5,-12187.499999999913
2010-11-05,2.58,127.421875,-37500.0000000002,32812.5,-4687.500000000196
2010-11-08,2.6,127.359375,-15000.000000000015,6250.0,-8750.000000000015
2010-11-09,2.72,126.53125,-90000.00000000007,82812.5,-7187.500000000073
2010-11-10,2.65,126.96875,52500.00000000022,-43750.0,8750.000000000218
2010-11-12,2.76,125.9375,-82499.99999999991,103125.0,20625.000000000087
2010-11-15,2.92,124.765625,-120000.00000000012,117187.5,-2812.5000000001164
2010-11-16,2.85,125.046875,52499.999999999876,-28125.0,24374.999999999876
2010-11-17,2.89,124.875,-30000.00000000003,17187.5,-12812.50000000003
2010-11-18,2.9,124.484375,-7499.999999999841,39062.5,31562.50000000016
2010-11-19,2.88,124.515625,15000.000000000015,-3125.0,11875.000000000015
2010-11-22,2.8,125.09375,60000.00000000006,-57812.5,2187.500000000058
2010-11-23,2.77,125.40625,22499.99999999985,-31250.0,-8750.00000000015
2010-11-24,2.93,124.28125,-120000.00000000012,112500.0,-7500.000000000116
2010-11-26,2.87,124.59375,45000.00000000004,-31250.0,13750.000000000036
2010-11-29,2.84,124.875,22500.00000000019,-28125.0,-5624.999999999811
2010-11-30,2.81,125.046875,22499.99999999985,-17187.5,5312.499999999851
2010-12-01,2.97,123.859375,-120000.00000000012,118750.0,-1250.0000000001164
2010-12-02,3.01,123.484375,-29999.999999999694,37500.0,7500.000000000306
2010-12-03,3.03,123.703125,-15000.000000000015,-21875.0,-36875.000000000015
2010-12-06,2.95,124.3125,59999.999999999716,-60937.5,-937.5000000002838
2010-12-07,3.15,122.5,-149999.9999999998,181250.0,31250.000000000204
2010-12-08,3.26,121.875,-82499.99999999991,62500.0,-19999.999999999913
2010-12-09,3.23,121.765625,22499.99999999985,10937.5,33437.499999999854
2010-12-10,3.32,121.265625,-67499.9999999999,50000.0,-17499.999999999898
2010-12-13,3.29,121.703125,22499.99999999985,-43750.0,-21250.00000000015
2010-12-14,3.49,120.421875,-150000.00000000015,128125.0,-21875.000000000146
2010-12-15,3.53,120.015625,-29999.999999999694,40625.0,10625.000000000306
2010-12-16,3.47,120.375,44999.9999999997,-35937.5,9062.499999999702
2010-12-17,3.33,121.40625,105000.00000000009,-103125.0,1875.0000000000873
2010-12-27,3.36,119.9375,37500.0000000002,-34375.0,3125.0000000001965
2010-12-28,3.5,119.03125,-105000.00000000009,90625.0,-14375.000000000087
2010-12-29,3.35,120.25,112499.99999999993,-121875.0,-9375.000000000073
2010-12-30,3.38,119.984375,-22499.99999999985,26562.5,4062.500000000149
2010-12-31,3.3,120.4375,60000.00000000006,-45312.5,14687.500000000058
2011-01-03,3.36,120.171875,-45000.00000000004,26562.5,-18437.500000000036
2011-01-04,3.36,120.3125,-0.0,-14062.5,-14062.5
2011-01-05,3.5,119.234375,-105000.00000000009,107812.5,2812.4999999999127
2011-01-06,3.44,119.8125,45000.00000000004,-57812.5,-12812.499999999964
2011-01-07,3.34,120.671875,75000.00000000007,-85937.5,-10937.499999999927
2011-01-10,3.32,120.875,15000.000000000015,-20312.5,-5312.499999999985
2011-01-11,3.37,120.546875,-37500.0000000002,32812.5,-4687.500000000196
2011-01-12,3.4,120.5625,-22499.99999999985,-1562.5,-24062.49999999985
2011-01-13,3.34,121.109375,45000.00000000004,-54687.5,-9687.499999999964
2011-01-14,3.35,120.859375,-7500.000000000174,25000.0,17499.999999999825
2011-01-18,3.39,120.59375,-30000.00000000003,26562.5,-3437.500000000029
2011-01-19,3.37,120.78125,15000.000000000015,-18750.0,-3749.9999999999854
2011-01-20,3.47,119.828125,-75000.00000000007,95312.5,20312.499999999927
2011-01-21,3.44,120.15625,22500.00000000019,-32812.5,-10312.49999999981
2011-01-24,3.43,120.234375,7499.999999999841,-7812.5,-312.50000000015916
2011-01-25,3.35,120.921875,60000.00000000006,-68750.0,-8749.999999999942
2011-01-26,3.45,120.25,-75000.00000000007,67187.5,-7812.500000000073
2011-01-27,3.42,120.671875,22500.00000000019,-42187.5,-19687.49999999981
2011-01-28,3.36,121.15625,45000.00000000004,-48437.5,-3437.4999999999636
2011-01-31,3.42,120.796875,-45000.00000000004,35937.5,-9062.500000000036
2011-02-01,3.48,120.296875,-45000.00000000004,50000.0,4999.999999999964
2011-02-02,3.52,119.890625,-30000.00000000003,40625.0,10624.99999999997
2011-02-03,3.58,119.4375,-45000.00000000004,45312.5,312.4999999999636
2011-02-04,3.68,118.578125,-75000.00000000007,85937.5,10937.499999999927
2011-02-07,3.68,118.609375,-0.0,-3125.0,-3125.0
2011-02-08,3.75,117.984375,-52499.999999999876,62500.0,10000.000000000124
2011-02-09,3.65,118.578125,75000.00000000007,-59375.0,15625.000000000073
2011-02-10,3.7,118.125,-37500.0000000002,45312.5,7812.499999999804
2011-02-11,3.64,118.5,45000.00000000004,-37500.0,7500.000000000036
2011-02-14,3.62,118.625,15000.000000000015,-12500.0,2500.0000000000146
2011-02-15,3.61,118.640625,7500.000000000174,-1562.5,5937.500000000174
2011-02-16,3.62,118.59375,-7500.000000000174,4687.5,-2812.5000000001737
2011-02-17,3.58,119.015625,30000.00000000003,-42187.5,-12187.49999999997
2011-02-18,3.59,119.0625,-7499.999999999841,-4687.5,-12187.49999999984
2011-02-22,3.46,120.09375,97499.99999999993,-103125.0,-5625.000000000073
2011-02-23,3.49,119.8125,-22500.00000000019,28125.0,5624.999999999811
2011-02-24,3.46,120.046875,22500.00000000019,-23437.5,-937.4999999998108
2011-02-25,3.42,120.171875,30000.00000000003,-12500.0,17500.00000000003
2011-02-28,3.42,120.34375,-0.0,-17187.5,-17187.5
2011-03-01,3.41,120.4375,7499.999999999841,-9375.0,-1875.0000000001592
2011-03-02,3.46,120.0625,-37499.99999999987,37500.0,1.3096723705530167e-10
2011-03-03,3.58,119.234375,-90000.00000000007,82812.5,-7187.500000000073
2011-03-04,3.49,120.0,67499.9999999999,-76562.5,-9062.500000000102
2011-03-07,3.51,120.03125,-14999.999999999682,-3125.0,-18124.99999999968
2011-03-08,3.56,119.765625,-37500.0000000002,26562.5,-10937.500000000196
2011-03-09,3.48,120.3125,60000.00000000006,-54687.5,5312.500000000058
2011-03-10,3.37,120.953125,82499.99999999991,-64062.5,18437.499999999913
2011-03-11,3.4,121.0,-22499.99999999985,-4687.5,-27187.49999999985
2011-03-14,3.36,121.515625,30000.00000000003,-51562.5,-21562.49999999997
2011-03-15,3.33,121.609375,22499.99999999985,-9375.0,13124.99999999985
2011-03-16,3.22,122.46875,82499.99999999991,-85937.5,-3437.5000000000873
2011-03-17,3.25,122.15625,-22499.99999999985,31250.0,8750.00000000015
2011-03-28,3.47,119.078125,-7500.000000000174,10937.5,3437.4999999998263
2011-03-29,3.5,118.765625,-22499.99999999985,31250.0,8750.00000000015
2011-03-30,3.47,119.125,22499.99999999985,-35937.5,-13437.50000000015
2011-03-31,3.47,119.03125,-0.0,9375.0,9375.0
2011-04-01,3.46,118.96875,7500.000000000174,6250.0,13750.000000000175
2011-04-04,3.45,119.21875,7499.999999999841,-25000.0,-17500.00000000016
2011-04-05,3.5,118.765625,-37499.99999999987,45312.5,7812.500000000131
2011-04-06,3.56,118.375,-45000.00000000004,39062.5,-5937.500000000036
2011-04-07,3.58,118.46875,-15000.000000000015,-9375.0,-24375.000000000015
2011-04-08,3.59,118.375,-7499.999999999841,9375.0,1875.0000000001592
2011-04-11,3.59,118.453125,-0.0,-7812.5,-7812.5
2011-04-12,3.52,119.09375,52499.999999999876,-64062.5,-11562.500000000124
2011-04-13,3.49,119.390625,22499.99999999985,-29687.5,-7187.500000000149
2011-04-14,3.51,119.203125,-14999.999999999682,18750.0,3750.0000000003183
2011-04-15,3.43,119.8125,59999.999999999716,-60937.5,-937.5000000002838
2011-04-18,3.4,120.1875,22500.00000000019,-37500.0,-14999.99999999981
2011-04-19,3.39,120.25,7499.999999999841,-6250.0,1249.9999999998408
2011-04-20,3.43,119.90625,-30000.00000000003,34375.0,4374.999999999971
2011-04-21,3.42,119.984375,7500.000000000174,-7812.5,-312.4999999998263
2011-04-25,3.39,120.328125,22499.99999999985,-34375.0,-11875.00000000015
2011-04-26,3.34,120.671875,37500.0000000002,-34375.0,3125.0000000001965
2011-04-27,3.39,120.421875,-37500.0000000002,25000.0,-12500.000000000196
2011-04-28,3.34,120.953125,37500.0000000002,-53125.0,-15624.999999999804
2011-04-29,3.32,121.140625,15000.000000000015,-18750.0,-3749.9999999999854
2011-05-02,3.31,121.234375,7499.999999999841,-9375.0,-1875.0000000001592
2011-05-03,3.28,121.4375,22500.00000000019,-20312.5,2187.500000000189
2011-05-04,3.25,121.640625,22499.99999999985,-20312.5,2187.499999999851
2011-05-05,3.18,122.0625,52499.999999999876,-42187.5,10312.499999999876
2011-05-06,3.19,122.28125,-7499.999999999841,-21875.0,-29374.99999999984
2011-05-09,3.17,122.46875,15000.000000000015,-18750.0,-3749.9999999999854
2011-05-10,3.23,122.09375,-45000.00000000004,37500.0,-7500.000000000036
2011-05-11,3.19,122.421875,30000.00000000003,-32812.5,-2812.499999999971
2011-05-12,3.22,122.171875,-22500.00000000019,25000.0,2499.999999999811
2011-05-13,3.18,122.5,30000.00000000003,-32812.5,-2812.499999999971
2011-05-16,3.15,122.75,22500.00000000019,-25000.0,-2499.999999999811
2011-05-17,3.12,122.9375,22499.99999999985,-18750.0,3749.999999999851
2011-05-18,3.18,122.53125,-45000.00000000004,40625.0,-4375.000000000036
2011-05-19,3.17,122.609375,7500.000000000174,-7812.5,-312.4999999998263
2011-05-20,3.15,122.8125,15000.000000000015,-20312.5,-5312.499999999985
2011-05-23,3.13,123.0,15000.000000000015,-18750.0,-3749.9999999999854
2011-05-24,3.12,123.078125,7499.999999999841,-7812.5,-312.50000000015916
2011-05-25,3.13,123.140625,-7499.999999999841,-6250.0,-13749.99999999984
2011-05-26,3.07,123.75,45000.00000000004,-60937.5,-15937.499999999964
2011-05-27,3.07,123.859375,-0.0,-10937.5,-10937.5
2011-05-31,3.05,124.03125,15000.000000000015,-17187.5,-2187.4999999999854
2011-06-01,2.96,124.734375,67499.9999999999,-70312.5,-2812.500000000102
2011-06-02,3.04,124.390625,-60000.00000000006,34375.0,-25625.00000000006
2011-06-03,2.99,124.734375,37499.99999999987,-34375.0,3124.999999999869
2011-06-06,3.01,124.75,-14999.999999999682,-1562.5,-16562.49999999968
2011-06-07,3.01,124.65625,-0.0,9375.0,9375.0
2011-06-08,2.98,125.09375,22499.99999999985,-43750.0,-21250.00000000015
2011-06-09,3.01,124.65625,-22499.99999999985,43750.0,21250.00000000015
2011-06-10,2.99,124.921875,14999.999999999682,-26562.5,-11562.500000000318
2011-06-13,3.0,124.765625,-7499.999999999841,15625.0,8125.000000000159
2011-06-14,3.11,123.984375,-82499.99999999991,78125.0,-4374.999999999913
2011-06-15,2.98,125.109375,97499.99999999993,-112500.0,-15000.000000000073
2011-06-16,2.93,125.578125,37499.99999999987,-46875.0,-9375.000000000131
2011-06-17,2.94,125.375,-7499.999999999841,20312.5,12812.50000000016
2011-06-27,2.95,124.40625,-52500.00000000022,32812.5,-19687.50000000022
2011-06-28,3.05,123.328125,-74999.99999999974,107812.5,32812.50000000026
2011-06-29,3.14,122.84375,-67500.00000000023,48437.5,-19062.500000000233
2011-06-30,3.18,122.328125,-30000.00000000003,51562.5,21562.49999999997
2011-07-01,3.22,121.984375,-30000.00000000003,34375.0,4374.999999999971
2011-07-05,3.16,122.65625,45000.00000000004,-67187.5,-22187.499999999964
2011-07-06,3.12,122.984375,30000.00000000003,-32812.5,-2812.499999999971
2011-07-07,3.17,122.46875,-37499.99999999987,51562.5,14062.500000000131
2011-07-08,3.03,123.71875,105000.00000000009,-125000.0,-19999.999999999913
2011-07-11,2.94,124.546875,67499.9999999999,-82812.5,-15312.500000000102
2011-07-12,2.92,124.625,15000.000000000015,-7812.5,7187.500000000015
2011-07-13,2.92,124.796875,-0.0,-17187.5,-17187.5
2011-07-14,2.98,124.4375,-45000.00000000004,35937.5,-9062.500000000036
2011-07-15,2.94,124.859375,30000.00000000003,-42187.5,-12187.49999999997
2011-07-18,2.94,124.921875,-0.0,-6250.0,-6250.0
2011-07-19,2.91,124.921875,22499.99999999985,-0.0,22499.99999999985
2011-07-20,2.96,124.59375,-37499.99999999987,32812.5,-4687.499999999869
2011-07-21,3.03,124.0,-52499.999999999876,59375.0,6875.000000000124
2011-07-22,2.99,124.328125,29999.999999999694,-32812.5,-2812.5000000003056
2011-07-25,3.03,124.125,-29999.999999999694,20312.5,-9687.499999999694
2011-07-26,2.99,124.53125,29999.999999999694,-40625.0,-10625.000000000306
2011-07-27,3.01,124.234375,-14999.999999999682,29687.5,14687.500000000318
2011-07-28,2.98,124.5,22499.99999999985,-26562.5,-4062.500000000149
2011-07-29,2.82,125.6875,120000.00000000012,-118750.0,1250.0000000001164
2011-08-01,2.77,126.140625,37499.99999999987,-45312.5,-7812.500000000131
2011-08-02,2.66,126.953125,82499.99999999991,-81250.0,1249.9999999999127
2011-08-03,2.64,127.046875,15000.000000000015,-9375.0,5625.000000000015
2011-08-04,2.47,128.0,127499.99999999996,-95312.5,32187.499999999956
2011-08-05,2.58,127.046875,-82499.99999999991,95312.5,12812.500000000087
2011-08-08,2.4,128.578125,135000.00000000012,-153125.0,-18124.999999999884
2011-08-09,2.2,129.828125,149999.9999999998,-125000.0,24999.999999999796
2011-08-10,2.17,130.0625,22500.00000000019,-23437.5,-937.4999999998108
2011-08-11,2.34,129.21875,-127499.99999999996,84375.0,-43124.999999999956
2011-08-12,2.24,129.875,74999.99999999974,-65625.0,9374.999999999738
2011-08-15,2.29,129.5625,-37499.99999999987,31250.0,-6249.999999999869
2011-08-16,2.23,130.078125,45000.00000000004,-51562.5,-6562.499999999964
2011-08-17,2.17,130.359375,45000.00000000004,-28125.0,16875.000000000036
2011-08-18,2.08,130.78125,67499.9999999999,-42187.5,25312.499999999898
2011-08-19,2.07,130.796875,7500.000000000174,-1562.5,5937.500000000174
2011-08-22,2.1,130.59375,-22500.00000000019,20312.5,-2187.500000000189
2011-08-23,2.15,130.328125,-37499.99999999987,26562.5,-10937.499999999869
2011-08-24,2.29,129.578125,-105000.00000000009,75000.0,-30000.000000000087
2011-08-25,2.23,129.984375,45000.00000000004,-40625.0,4375.000000000036
2011-08-26,2.19,130.28125,30000.00000000003,-29687.5,312.5000000000291
2011-08-29,2.28,129.71875,-67499.9999999999,56250.0,-11249.999999999898
2011-08-30,2.19,130.390625,67499.9999999999,-67187.5,312.49999999989814
2011-08-31,2.23,130.03125,-30000.00000000003,35937.5,5937.499999999971
2011-09-01,2.15,130.609375,60000.00000000006,-57812.5,2187.500000000058
2011-09-02,2.02,131.296875,97499.99999999993,-68750.0,28749.999999999927
2011-09-06,1.98,131.21875,30000.00000000003,7812.5,37812.50000000003
2011-09-07,2.05,130.890625,-52499.999999999876,32812.5,-19687.499999999876
2011-09-08,2.0,131.234375,37499.99999999987,-34375.0,3124.999999999869
2011-09-09,1.93,131.765625,52500.000000000044,-53125.0,-624.9999999999563
2011-09-12,1.94,131.46875,-7500.000000000007,29687.5,22187.499999999993
2011-09-13,2.0,131.0625,-45000.00000000004,40625.0,-4375.000000000036
2011-09-14,2.03,130.890625,-22499.99999999985,17187.5,-5312.499999999851
2011-09-15,2.09,130.40625,-45000.00000000004,48437.5,3437.4999999999636
2011-09-16,2.08,130.484375,7499.999999999841,-7812.5,-312.50000000015916
2011-09-27,2.0,129.5625,-67500.00000000006,78125.0,10624.999999999942
2011-09-28,2.03,129.671875,-22499.99999999985,-10937.5,-33437.499999999854
2011-09-29,1.99,129.984375,29999.999999999858,-31250.0,-1250.0000000001419
2011-09-30,1.92,130.09375,52500.000000000044,-10937.5,41562.500000000044
2011-10-03,1.8,130.984375,89999.99999999991,-89062.5,937.4999999999127
2011-10-04,1.81,130.953125,-7500.000000000007,3125.0,-4375.000000000007
2011-10-05,1.92,130.109375,-82499.99999999991,84375.0,1875.0000000000873
2011-10-06,2.01,129.515625,-67499.9999999999,59375.0,-8124.999999999898
2011-10-07,2.1,128.890625,-67500.00000000023,62500.0,-5000.000000000233
2011-10-11,2.18,128.234375,-60000.00000000006,65625.0,5624.999999999942
2011-10-12,2.24,127.921875,-45000.00000000004,31250.0,-13750.000000000036
2011-10-13,2.19,128.4375,37500.0000000002,-51562.5,-14062.499999999804
2011-10-14,2.26,128.125,-52499.999999999876,31250.0,-21249.999999999876
2011-10-17,2.18,128.71875,59999.999999999716,-59375.0,624.9999999997162
2011-10-18,2.19,128.828125,-7499.999999999841,-10937.5,-18437.49999999984
2011-10-19,2.18,128.84375,7499.999999999841,-1562.5,5937.499999999841
2011-10-20,2.2,128.703125,-15000.000000000015,14062.5,-937.5000000000146
2011-10-21,2.23,128.65625,-22499.99999999985,4687.5,-17812.49999999985
2011-10-24,2.25,128.34375,-15000.000000000015,31250.0,16249.999999999985
2011-10-25,2.14,129.125,82499.99999999991,-78125.0,4374.999999999913
2011-10-26,2.23,128.578125,-67499.9999999999,54687.5,-12812.499999999898
2011-10-27,2.42,127.3125,-142499.99999999994,126562.5,-15937.499999999942
2011-10-28,2.34,128.09375,60000.00000000006,-78125.0,-18124.99999999994
2011-10-31,2.17,129.0625,127499.99999999996,-96875.0,30624.999999999956
2011-11-01,2.01,130.25,120000.00000000012,-118750.0,1250.0000000001164
2011-11-02,2.03,130.3125,-15000.000000000015,-6250.0,-21250.000000000015
2011-11-03,2.09,130.046875,-45000.00000000004,26562.5,-18437.500000000036
2011-11-04,2.06,130.25,22499.99999999985,-20312.5,2187.499999999851
2011-11-07,2.04,130.546875,15000.000000000015,-29687.5,-14687.499999999985
2011-11-08,2.1,130.046875,-45000.00000000004,50000.0,4999.999999999964
2011-11-09,2.0,130.8125,75000.00000000007,-76562.5,-1562.4999999999272
2011-11-10,2.04,130.34375,-30000.00000000003,46875.0,16874.99999999997
2011-11-14,2.04,130.453125,-0.0,-10937.5,-10937.5
2011-11-15,2.06,130.328125,-15000.000000000015,12500.0,-2500.0000000000146
2011-11-16,2.01,130.5,37500.0000000002,-17187.5,20312.500000000196
2011-11-17,1.96,130.828125,37499.99999999987,-32812.5,4687.499999999869
2011-11-18,2.01,130.296875,-37499.99999999987,53125.0,15625.000000000131
2011-11-21,1.97,130.578125,29999.999999999858,-28125.0,1874.9999999998581
2011-11-22,1.94,130.796875,22500.00000000002,-21875.0,625.0000000000182
2011-11-23,1.89,131.21875,37500.00000000004,-42187.5,-4687.499999999964
2011-11-25,1.97,130.65625,-60000.00000000006,56250.0,-3750.000000000058
2011-11-28,1.97,130.71875,-0.0,-6250.0,-6250.0
2011-11-29,2.0,130.46875,-22500.00000000002,25000.0,2499.999999999982
2011-11-30,2.08,130.15625,-60000.00000000006,31250.0,-28750.00000000006
2011-12-01,2.11,129.984375,-22499.99999999985,17187.5,-5312.499999999851
2011-12-02,2.05,130.5,45000.00000000004,-51562.5,-6562.499999999964
2011-12-05,2.04,130.40625,7499.999999999841,9375.0,16874.99999999984
2011-12-06,2.08,130.15625,-30000.00000000003,25000.0,-5000.000000000029
2011-12-07,2.02,130.765625,45000.00000000004,-60937.5,-15937.499999999964
2011-12-08,1.99,131.171875,22500.00000000002,-40625.0,-18124.99999999998
2011-12-09,2.07,130.640625,-59999.99999999988,53125.0,-6874.999999999884
2011-12-12,2.03,131.03125,30000.00000000003,-39062.5,-9062.49999999997
2011-12-13,1.96,131.3125,52499.999999999876,-28125.0,24374.999999999876
2011-12-14,1.92,131.609375,30000.00000000003,-29687.5,312.5000000000291
2011-12-15,1.92,131.484375,-0.0,12500.0,12500.0
2011-12-16,1.86,131.953125,44999.999999999876,-46875.0,-1875.0000000001237
2011-12-27,2.02,129.953125,7499.999999999841,-9375.0,-1875.0000000001592
2011-12-28,1.93,130.703125,67500.00000000006,-75000.0,-7499.999999999942
2011-12-29,1.91,130.84375,15000.000000000015,-14062.5,937.5000000000146
2011-12-30,1.89,131.125,15000.000000000015,-28125.0,-13124.999999999985
2012-01-03,1.97,130.546875,-60000.00000000006,57812.5,-2187.500000000058
2012-01-04,2.0,130.390625,-22500.00000000002,15625.0,-6875.000000000018
2012-01-05,2.02,130.5,-15000.000000000015,-10937.5,-25937.500000000015
2012-01-06,1.98,130.75,30000.00000000003,-25000.0,5000.000000000029
2012-01-09,1.98,130.859375,-0.0,-10937.5,-10937.5
2012-01-10,2.0,130.71875,-15000.000000000015,14062.5,-937.5000000000146
2012-01-11,1.93,131.203125,52500.000000000044,-48437.5,4062.5000000000437
2012-01-12,1.94,130.96875,-7500.000000000007,23437.5,15937.499999999993
2012-01-13,1.89,131.546875,37500.00000000004,-57812.5,-20312.499999999964
2012-01-17,1.87,131.59375,14999.999999999847,-4687.5,10312.499999999847
2012-01-18,1.92,131.265625,-37499.99999999987,32812.5,-4687.499999999869
2012-01-19,2.01,130.703125,-67499.9999999999,56250.0,-11249.999999999898
2012-01-20,2.05,130.265625,-30000.00000000003,43750.0,13749.99999999997
2012-01-23,2.09,129.984375,-30000.00000000003,28125.0,-1875.000000000029
2012-01-24,2.08,130.09375,7499.999999999841,-10937.5,-3437.500000000159
2012-01-25,2.01,130.765625,52500.00000000022,-67187.5,-14687.499999999782
2012-01-26,1.96,131.4375,37499.99999999987,-67187.5,-29687.50000000013
2012-01-27,1.93,131.71875,22500.00000000002,-28125.0,-5624.999999999982
2012-01-30,1.87,132.03125,44999.999999999876,-31250.0,13749.999999999876
2012-01-31,1.83,132.25,30000.00000000003,-21875.0,8125.000000000029
2012-02-01,1.87,131.984375,-30000.00000000003,26562.5,-3437.500000000029
2012-02-02,1.86,132.171875,7500.000000000007,-18750.0,-11249.999999999993
2012-02-03,1.97,131.328125,-82499.99999999991,84375.0,1875.0000000000873
2012-02-06,1.93,131.671875,30000.00000000003,-34375.0,-4374.999999999971
2012-02-07,2.0,131.15625,-52500.000000000044,51562.5,-937.5000000000437
2012-02-08,2.01,131.09375,-7499.999999999841,6250.0,-1249.9999999998408
2012-02-09,2.04,130.78125,-22500.00000000019,31250.0,8749.99999999981
2012-02-10,1.96,131.390625,60000.00000000006,-60937.5,-937.4999999999418
2012-02-13,1.99,131.125,-22500.00000000002,26562.5,4062.499999999982
2012-02-14,1.92,131.53125,52500.000000000044,-40625.0,11875.000000000044
2012-02-15,1.93,131.578125,-7500.000000000007,-4687.5,-12187.500000000007
2012-02-16,1.99,130.984375,-45000.00000000004,59375.0,14374.999999999964
2012-02-17,2.01,130.921875,-14999.999999999847,6250.0,-8749.999999999847
2012-02-21,2.05,130.640625,-30000.00000000003,28125.0,-1875.000000000029
2012-02-22,2.01,131.046875,30000.00000000003,-40625.0,-10624.99999999997
2012-02-23,1.99,131.203125,14999.999999999847,-15625.0,-625.0000000001528
2012-02-24,1.98,131.1875,7500.000000000007,1562.5,9062.500000000007
2012-02-27,1.92,131.625,45000.00000000004,-43750.0,1250.0000000000364
2012-02-28,1.94,131.671875,-15000.000000000015,-4687.5,-19687.500000000015
2012-02-29,1.98,131.265625,-30000.00000000003,40625.0,10624.99999999997
2012-03-01,2.03,130.890625,-37499.99999999987,37500.0,1.3096723705530167e-10
2012-03-02,1.99,131.390625,29999.999999999858,-50000.0,-20000.000000000142
2012-03-05,2.0,131.203125,-7500.000000000007,18750.0,11249.999999999993
2012-03-06,1.96,131.71875,30000.00000000003,-51562.5,-21562.49999999997
2012-03-07,1.98,131.515625,-15000.000000000015,20312.5,5312.499999999985
2012-03-08,2.03,131.21875,-37499.99999999987,29687.5,-7812.499999999869
2012-03-09,2.04,131.0625,-7500.000000000174,15625.0,8124.999999999826
2012-03-12,2.04,131.078125,-0.0,-1562.5,-1562.5
2012-03-13,2.14,130.484375,-75000.00000000007,59375.0,-15625.000000000073
2012-03-14,2.29,129.234375,-112499.99999999993,125000.0,12500.000000000073
2012-03-15,2.29,129.34375,-0.0,-10937.5,-10937.5
2012-03-16,2.31,129.046875,-15000.000000000015,29687.5,14687.499999999985
2012-03-27,2.2,129.59375,44999.9999999997,-53125.0,-8125.000000000298
2012-03-28,2.21,129.578125,-7499.999999999841,1562.5,-5937.499999999841
2012-03-29,2.18,129.90625,22499.99999999985,-32812.5,-10312.50000000015
2012-03-30,2.23,129.484375,-37499.99999999987,42187.5,4687.500000000131
2012-04-02,2.22,129.703125,7499.999999999841,-21875.0,-14375.00000000016
2012-04-03,2.3,128.921875,-59999.999999999716,78125.0,18125.000000000284
2012-04-04,2.25,129.375,37499.99999999987,-45312.5,-7812.500000000131
2012-04-05,2.19,129.96875,45000.00000000004,-59375.0,-14374.999999999964
2012-04-09,2.06,131.140625,97499.99999999993,-117187.5,-19687.500000000073
2012-04-10,2.01,131.59375,37500.0000000002,-45312.5,-7812.499999999804
2012-04-11,2.05,131.328125,-30000.00000000003,26562.5,-3437.500000000029
2012-04-12,2.08,131.140625,-22500.00000000019,18750.0,-3750.000000000189
2012-04-13,2.02,131.53125,45000.00000000004,-39062.5,5937.500000000036
2012-04-16,2.0,131.6875,15000.000000000015,-15625.0,-624.9999999999854
2012-04-17,2.03,131.421875,-22499.99999999985,26562.5,4062.500000000149
2012-04-18,2.0,131.5625,22499.99999999985,-14062.5,8437.49999999985
2012-04-19,1.98,131.765625,15000.000000000015,-20312.5,-5312.499999999985
2012-04-20,1.99,131.671875,-7500.000000000007,9375.0,1874.9999999999927
2012-04-23,1.96,131.984375,22500.00000000002,-31250.0,-8749.999999999982
2012-04-24,2.0,131.78125,-30000.00000000003,20312.5,-9687.50000000003
2012-04-25,2.01,131.6875,-7499.999999999841,9375.0,1875.0000000001592
2012-04-26,1.98,131.921875,22499.99999999985,-23437.5,-937.5000000001492
2012-04-27,1.96,132.15625,15000.000000000015,-23437.5,-8437.499999999985
2012-04-30,1.95,132.28125,7500.000000000007,-12500.0,-4999.999999999993
2012-05-01,1.98,131.96875,-22500.00000000002,31250.0,8749.999999999982
2012-05-02,1.96,132.1875,15000.000000000015,-21875.0,-6874.999999999985
2012-05-03,1.96,132.1875,-0.0,-0.0,-0.0
2012-05-04,1.91,132.640625,37500.00000000004,-45312.5,-7812.499999999964
2012-05-07,1.92,132.640625,-7500.000000000007,-0.0,-7500.000000000007
2012-05-08,1.88,132.921875,30000.00000000003,-28125.0,1875.000000000029
2012-05-09,1.87,132.90625,7499.999999999841,1562.5,9062.49999999984
2012-05-10,1.89,132.78125,-14999.999999999847,12500.0,-2499.999999999847
2012-05-11,1.84,133.078125,37499.99999999987,-29687.5,7812.499999999869
2012-05-14,1.78,133.421875,45000.00000000004,-34375.0,10625.000000000036
2012-05-15,1.76,133.375,15000.000000000015,4687.5,19687.500000000015
2012-05-16,1.76,133.421875,-0.0,-4687.5,-4687.5
2012-05-17,1.7,133.765625,45000.00000000004,-34375.0,10625.000000000036
2012-05-18,1.71,133.8125,-7500.000000000007,-4687.5,-12187.500000000007
2012-05-21,1.75,133.625,-30000.00000000003,18750.0,-11250.00000000003
2012-05-22,1.79,133.3125,-30000.00000000003,31250.0,1249.999999999971
2012-05-23,1.73,133.796875,45000.00000000004,-48437.5,-3437.4999999999636
2012-05-24,1.77,133.546875,-30000.00000000003,25000.0,-5000.000000000029
2012-05-25,1.75,133.765625,15000.000000000015,-21875.0,-6874.999999999985
2012-05-29,1.74,133.828125,7500.000000000007,-6250.0,1250.0000000000073
2012-05-30,1.63,134.671875,82500.00000000007,-84375.0,-1874.9999999999272
2012-05-31,1.59,134.90625,29999.999999999858,-23437.5,6562.499999999858
2012-06-01,1.47,135.65625,90000.00000000007,-75000.0,15000.000000000073
2012-06-04,1.53,135.0,-45000.00000000004,65625.0,20624.999999999964
2012-06-05,1.57,134.796875,-30000.00000000003,20312.5,-9687.50000000003
2012-06-06,1.66,134.1875,-67499.9999999999,60937.5,-6562.499999999898
2012-06-07,1.66,134.296875,-0.0,-10937.5,-10937.5
2012-06-08,1.65,134.34375,7500.000000000007,-4687.5,2812.5000000000073
2012-06-11,1.6,134.640625,37499.99999999987,-29687.5,7812.499999999869
2012-06-12,1.67,134.109375,-52499.999999999876,53125.0,625.0000000001237
2012-06-13,1.61,134.5625,44999.999999999876,-45312.5,-312.5000000001237
2012-06-14,1.64,134.359375,-22499.99999999985,20312.5,-2187.499999999851
2012-06-15,1.6,134.609375,29999.999999999858,-25000.0,4999.999999999858
2012-06-27,1.65,133.546875,7500.000000000007,-10937.5,-3437.4999999999927
2012-06-28,1.6,133.921875,37499.99999999987,-37500.0,-1.3096723705530167e-10
2012-06-29,1.67,133.375,-52499.999999999876,54687.5,2187.5000000001237
2012-07-02,1.61,134.015625,44999.999999999876,-64062.5,-19062.500000000124
2012-07-03,1.65,133.640625,-29999.999999999858,37500.0,7500.000000000142
2012-07-05,1.62,133.953125,22499.99999999985,-31250.0,-8750.00000000015
2012-07-06,1.57,134.359375,37500.00000000004,-40625.0,-3124.9999999999636
2012-07-09,1.53,134.546875,30000.00000000003,-18750.0,11250.00000000003
2012-07-10,1.53,134.625,-0.0,-7812.5,-7812.5
2012-07-11,1.54,134.59375,-7500.000000000007,3125.0,-4375.000000000007
2012-07-12,1.5,134.65625,30000.00000000003,-6250.0,23750.00000000003
2012-07-13,1.52,134.546875,-15000.000000000015,10937.5,-4062.5000000000146
2012-07-16,1.5,134.8125,15000.000000000015,-26562.5,-11562.499999999985
2012-07-17,1.53,134.546875,-22500.00000000002,26562.5,4062.499999999982
2012-07-18,1.52,134.75,7500.000000000007,-20312.5,-12812.499999999993
2012-07-19,1.54,134.46875,-15000.000000000015,28125.0,13124.999999999985
2012-07-20,1.49,134.90625,37500.00000000004,-43750.0,-6249.999999999964
2012-07-23,1.47,135.0625,15000.000000000015,-15625.0,-624.9999999999854
2012-07-24,1.44,135.265625,22500.00000000002,-20312.5,2187.500000000018
2012-07-25,1.43,135.234375,7500.000000000007,3125.0,10625.000000000007
2012-07-26,1.45,135.03125,-15000.000000000015,20312.5,5312.499999999985
2012-07-27,1.58,134.125,-97500.00000000009,90625.0,-6875.000000000087
2012-07-30,1.53,134.5625,37500.00000000004,-43750.0,-6249.999999999964
2012-07-31,1.51,134.65625,15000.000000000015,-9375.0,5625.000000000015
2012-08-01,1.56,134.15625,-37500.00000000004,50000.0,12499.999999999964
2012-08-02,1.51,134.625,37500.00000000004,-46875.0,-9374.999999999964
2012-08-03,1.6,133.90625,-67500.00000000006,71875.0,4374.999999999942
2012-08-06,1.59,134.109375,7500.000000000007,-20312.5,-12812.499999999993
2012-08-07,1.66,133.578125,-52499.999999999876,53125.0,625.0000000001237
2012-08-08,1.68,133.484375,-15000.000000000015,9375.0,-5625.000000000015
2012-08-09,1.69,133.453125,-7500.000000000007,3125.0,-4375.000000000007
2012-08-10,1.65,133.734375,30000.00000000003,-28125.0,1875.000000000029
2012-08-13,1.65,133.625,-0.0,10937.5,10937.5
2012-08-14,1.73,133.140625,-60000.00000000006,48437.5,-11562.500000000058
2012-08-15,1.8,132.578125,-52500.000000000044,56250.0,3749.9999999999563
2012-08-16,1.83,132.359375,-22500.00000000002,21875.0,-625.0000000000182
2012-08-17,1.81,132.5,15000.000000000015,-14062.5,937.5000000000146
2012-08-20,1.82,132.515625,-7500.000000000007,-1562.5,-9062.500000000007
2012-08-21,1.8,132.609375,15000.000000000015,-9375.0,5625.000000000015
2012-08-22,1.71,133.3125,67500.00000000006,-70312.5,-2812.499999999942
2012-08-23,1.68,133.6875,22500.00000000002,-37500.0,-14999.999999999982
2012-08-24,1.68,133.578125,-0.0,10937.5,10937.5
2012-08-27,1.65,133.8125,22500.00000000002,-23437.5,-937.4999999999818
2012-08-28,1.64,133.953125,7500.000000000007,-14062.5,-6562.499999999993
2012-08-29,1.66,133.84375,-15000.000000000015,10937.5,-4062.5000000000146
2012-08-30,1.63,134.1875,22500.00000000002,-34375.0,-11874.999999999982
2012-08-31,1.57,134.75,44999.999999999876,-56250.0,-11250.000000000124
2012-09-04,1.59,134.453125,-15000.000000000015,29687.5,14687.499999999985
2012-09-05,1.6,134.421875,-7500.000000000007,3125.0,-4375.000000000007
2012-09-06,1.68,133.84375,-59999.99999999988,57812.5,-2187.4999999998836
2012-09-07,1.67,134.125,7500.000000000007,-28125.0,-20624.999999999993
2012-09-10,1.68,133.96875,-7500.000000000007,15625.0,8124.999999999993
2012-09-11,1.7,133.9375,-15000.000000000015,3125.0,-11875.000000000015
2012-09-12,1.77,133.53125,-52500.000000000044,40625.0,-11875.000000000044
2012-09-13,1.75,133.96875,15000.000000000015,-43750.0,-28749.999999999985
2012-09-14,1.88,133.140625,-97499.99999999993,82812.5,-14687.499999999927
2012-09-17,1.85,133.3125,22499.99999999985,-17187.5,5312.499999999851
2012-09-27,1.66,133.5,-15000.000000000015,14062.5,-937.5000000000146
2012-09-28,1.65,133.484375,7500.000000000007,1562.5,9062.500000000007
2012-10-01,1.64,133.578125,7500.000000000007,-9375.0,-1874.9999999999927
2012-10-02,1.64,133.640625,-0.0,-6250.0,-6250.0
2012-10-03,1.64,133.734375,-0.0,-9375.0,-9375.0
2012-10-04,1.7,133.421875,-45000.00000000004,31250.0,-13750.000000000036
2012-10-05,1.75,132.921875,-37500.00000000004,50000.0,12499.999999999964
2012-10-09,1.74,133.046875,7500.000000000007,-12500.0,-4999.999999999993
2012-10-10,1.72,133.21875,15000.000000000015,-17187.5,-2187.4999999999854
2012-10-11,1.7,133.265625,15000.000000000015,-4687.5,10312.500000000015
2012-10-12,1.69,133.3125,7500.000000000007,-4687.5,2812.5000000000073
2012-10-15,1.7,133.3125,-7500.000000000007,-0.0,-7500.000000000007
2012-10-16,1.75,132.875,-37500.00000000004,43750.0,6249.999999999964
2012-10-17,1.83,132.078125,-60000.00000000006,79687.5,19687.49999999994
2012-10-18,1.86,131.984375,-22500.00000000002,9375.0,-13125.000000000018
2012-10-19,1.79,132.390625,52500.000000000044,-40625.0,11875.000000000044
2012-10-22,1.83,132.109375,-30000.00000000003,28125.0,-1875.000000000029
2012-10-23,1.79,132.375,30000.00000000003,-26562.5,3437.500000000029
2012-10-24,1.8,132.375,-7500.000000000007,-0.0,-7500.000000000007
2012-10-25,1.86,131.90625,-45000.00000000004,46875.0,1874.9999999999636
2012-10-26,1.78,132.5625,60000.00000000006,-65625.0,-5624.999999999942
2012-10-31,1.72,133.03125,45000.00000000004,-46875.0,-1874.9999999999636
2012-11-01,1.75,132.828125,-22500.00000000002,20312.5,-2187.500000000018
2012-11-02,1.75,132.78125,-0.0,4687.5,4687.5
2012-11-05,1.72,133.140625,22500.00000000002,-35937.5,-13437.499999999982
2012-11-06,1.78,132.703125,-45000.00000000004,43750.0,-1250.0000000000364
2012-11-07,1.68,133.578125,75000.00000000007,-87500.0,-12499.999999999927
2012-11-08,1.62,133.859375,44999.999999999876,-28125.0,16874.999999999876
2012-11-09,1.61,133.90625,7500.000000000007,-4687.5,2812.5000000000073
2012-11-13,1.59,134.046875,15000.000000000015,-14062.5,937.5000000000146
2012-11-14,1.59,134.046875,-0.0,-0.0,-0.0
2012-11-15,1.58,134.03125,7500.000000000007,1562.5,9062.500000000007
2012-11-16,1.58,134.1875,-0.0,-15625.0,-15625.0
2012-11-19,1.61,133.90625,-22500.00000000002,28125.0,5624.999999999982
2012-11-20,1.66,133.609375,-37499.99999999987,29687.5,-7812.499999999869
2012-11-21,1.69,133.390625,-22500.00000000002,21875.0,-625.0000000000182
2012-11-23,1.7,133.328125,-7500.000000000007,6250.0,-1250.0000000000073
2012-11-26,1.66,133.546875,30000.00000000003,-21875.0,8125.000000000029
2012-11-27,1.64,133.71875,15000.000000000015,-17187.5,-2187.4999999999854
2012-11-28,1.63,133.984375,7500.000000000007,-26562.5,-19062.499999999993
2012-11-29,1.62,134.015625,7499.999999999841,-3125.0,4374.999999999841
2012-11-30,1.62,134.125,-0.0,-10937.5,-10937.5
2012-12-03,1.63,133.96875,-7499.999999999841,15625.0,8125.000000000159
2012-12-04,1.62,134.078125,7499.999999999841,-10937.5,-3437.500000000159
2012-12-05,1.6,134.28125,15000.000000000015,-20312.5,-5312.499999999985
2012-12-06,1.59,134.359375,7500.000000000007,-7812.5,-312.4999999999927
2012-12-07,1.64,134.0625,-37499.99999999987,29687.5,-7812.499999999869
2012-12-10,1.63,134.109375,7500.000000000007,-4687.5,2812.5000000000073
2012-12-11,1.66,133.921875,-22500.00000000002,18750.0,-3750.000000000018
2012-12-12,1.72,133.609375,-45000.00000000004,31250.0,-13750.000000000036
2012-12-13,1.74,133.296875,-15000.000000000015,31250.0,16249.999999999985
2012-12-14,1.72,133.390625,15000.000000000015,-9375.0,5625.000000000015
2012-12-17,1.78,132.984375,-45000.00000000004,40625.0,-4375.000000000036
2012-12-27,1.74,132.921875,22500.00000000002,-42187.5,-19687.49999999998
2012-12-28,1.73,132.953125,7500.000000000007,-3125.0,4375.000000000007
2012-12-31,1.78,132.78125,-37500.00000000004,17187.5,-20312.500000000036
2013-01-02,1.86,132.140625,-60000.00000000006,64062.5,4062.499999999942
2013-01-03,1.92,131.625,-44999.999999999876,51562.5,6562.500000000124
2013-01-04,1.93,131.515625,-7500.000000000007,10937.5,3437.4999999999927
2013-01-07,1.92,131.578125,7500.000000000007,-6250.0,1250.0000000000073
2013-01-08,1.89,131.859375,22500.00000000002,-28125.0,-5624.999999999982
2013-01-09,1.88,132.0625,7500.000000000007,-20312.5,-12812.499999999993
2013-01-10,1.91,131.71875,-22500.00000000002,34375.0,11874.999999999982
2013-01-11,1.89,131.90625,15000.000000000015,-18750.0,-3749.9999999999854
2013-01-14,1.89,132.03125,-0.0,-12500.0,-12500.0
2013-01-15,1.86,132.265625,22499.99999999985,-23437.5,-937.5000000001492
2013-01-16,1.84,132.296875,15000.000000000015,-3125.0,11875.000000000015
2013-01-17,1.89,131.875,-37499.99999999987,42187.5,4687.500000000131
2013-01-18,1.87,132.140625,14999.999999999847,-26562.5,-11562.500000000153
2013-01-22,1.86,132.265625,7500.000000000007,-12500.0,-4999.999999999993
2013-01-23,1.86,132.296875,-0.0,-3125.0,-3125.0
2013-01-24,1.88,132.234375,-14999.999999999847,6250.0,-8749.999999999847
2013-01-25,1.98,131.40625,-75000.00000000007,82812.5,7812.499999999927
2013-01-28,2.0,131.21875,-15000.000000000015,18750.0,3749.9999999999854
2013-01-29,2.03,131.21875,-22499.99999999985,-0.0,-22499.99999999985
2013-01-30,2.03,131.1875,-0.0,3125.0,3125.0
2013-01-31,2.02,131.28125,7499.999999999841,-9375.0,-1875.0000000001592
2013-02-01,2.04,131.125,-15000.000000000015,15625.0,624.9999999999854
2013-02-04,2.0,131.5,30000.00000000003,-37500.0,-7499.999999999971
2013-02-05,2.04,131.21875,-30000.00000000003,28125.0,-1875.000000000029
2013-02-06,2.0,131.609375,30000.00000000003,-39062.5,-9062.49999999997
2013-02-07,1.99,131.75,7500.000000000007,-14062.5,-6562.499999999993
2013-02-08,1.99,131.734375,-0.0,1562.5,1562.5
2013-02-11,1.99,131.6875,-0.0,4687.5,4687.5
2013-02-12,2.02,131.4375,-22500.00000000002,25000.0,2499.999999999982
2013-02-13,2.05,131.15625,-22499.99999999985,28125.0,5625.000000000149
2013-02-14,2.0,131.5625,37499.99999999987,-40625.0,-3125.000000000131
2013-02-15,2.01,131.53125,-7499.999999999841,3125.0,-4374.999999999841
2013-02-19,2.03,131.34375,-15000.000000000015,18750.0,3749.9999999999854
2013-02-20,2.02,131.46875,7499.999999999841,-12500.0,-5000.000000000159
2013-02-21,1.99,131.796875,22500.00000000002,-32812.5,-10312.499999999982
2013-02-22,1.97,131.90625,15000.000000000015,-10937.5,4062.5000000000146
2013-02-25,1.88,132.5,67500.00000000006,-59375.0,8125.000000000058
2013-02-26,1.88,132.671875,-0.0,-17187.5,-17187.5
2013-02-27,1.91,132.578125,-22500.00000000002,9375.0,-13125.000000000018
2013-02-28,1.89,132.703125,15000.000000000015,-12500.0,2500.0000000000146
2013-03-01,1.86,132.921875,22499.99999999985,-21875.0,624.9999999998508
2013-03-04,1.88,132.78125,-14999.999999999847,14062.5,-937.4999999998472
2013-03-05,1.9,132.6875,-15000.000000000015,9375.0,-5625.000000000015
2013-03-06,1.95,132.390625,-37500.00000000004,29687.5,-7812.500000000036
2013-03-07,2.0,131.9375,-37500.00000000004,45312.5,7812.499999999964
2013-03-08,2.06,131.46875,-45000.00000000004,46875.0,1874.9999999999636
2013-03-11,2.07,131.484375,-7499.999999999841,-1562.5,-9062.49999999984
2013-03-12,2.03,131.734375,30000.00000000003,-25000.0,5000.000000000029
2013-03-13,2.04,131.71875,-7500.000000000174,1562.5,-5937.500000000174
2013-03-14,2.04,131.734375,-0.0,-1562.5,-1562.5
2013-03-15,2.01,132.140625,22500.00000000019,-40625.0,-18124.99999999981
2013-03-27,1.87,132.125,37499.99999999987,-42187.5,-4687.500000000131
2013-03-28,1.87,131.984375,-0.0,14062.5,14062.5
2013-04-01,1.86,132.125,7500.000000000007,-14062.5,-6562.499999999993
2013-04-02,1.88,131.984375,-14999.999999999847,14062.5,-937.4999999998472
2013-04-03,1.83,132.40625,37499.99999999987,-42187.5,-4687.500000000131
2013-04-04,1.78,132.84375,37500.00000000004,-43750.0,-6249.999999999964
2013-04-05,1.72,133.15625,45000.00000000004,-31250.0,13750.000000000036
2013-04-08,1.76,132.859375,-30000.00000000003,29687.5,-312.5000000000291
2013-04-09,1.78,132.8125,-15000.000000000015,4687.5,-10312.500000000015
2013-04-10,1.84,132.421875,-45000.00000000004,39062.5,-5937.500000000036
2013-04-11,1.82,132.546875,15000.000000000015,-12500.0,2500.0000000000146
2013-04-12,1.75,132.984375,52500.000000000044,-43750.0,8750.000000000044
2013-04-15,1.72,133.046875,22500.00000000002,-6250.0,16250.000000000018
2013-04-16,1.75,132.953125,-22500.00000000002,9375.0,-13125.000000000018
2013-04-17,1.73,133.0625,15000.000000000015,-10937.5,4062.5000000000146
2013-04-18,1.72,133.140625,7500.000000000007,-7812.5,-312.4999999999927
2013-04-19,1.73,133.0,-7500.000000000007,14062.5,6562.499999999993
2013-04-22,1.72,133.09375,7500.000000000007,-9375.0,-1874.9999999999927
2013-04-23,1.74,133.078125,-15000.000000000015,1562.5,-13437.500000000015
2013-04-24,1.73,133.109375,7500.000000000007,-3125.0,4375.000000000007
2013-04-25,1.74,133.0625,-7500.000000000007,4687.5,-2812.5000000000073
2013-04-26,1.7,133.4375,30000.00000000003,-37500.0,-7499.999999999971
2013-04-29,1.7,133.453125,-0.0,-1562.5,-1562.5
2013-04-30,1.7,133.359375,-0.0,9375.0,9375.0
2013-05-01,1.66,133.609375,30000.00000000003,-25000.0,5000.000000000029
2013-05-02,1.66,133.640625,-0.0,-3125.0,-3125.0
2013-05-03,1.78,132.859375,-90000.00000000007,78125.0,-11875.000000000073
2013-05-06,1.8,132.671875,-15000.000000000015,18750.0,3749.9999999999854
2013-05-07,1.82,132.625,-15000.000000000015,4687.5,-10312.500000000015
2013-05-08,1.81,132.78125,7500.000000000007,-15625.0,-8124.999999999993
2013-05-09,1.81,132.71875,-0.0,6250.0,6250.0
2013-05-10,1.9,132.078125,-67499.9999999999,64062.5,-3437.499999999898
2013-05-13,1.92,131.96875,-15000.000000000015,10937.5,-4062.5000000000146
2013-05-14,1.96,131.71875,-30000.00000000003,25000.0,-5000.000000000029
2013-05-15,1.94,131.84375,15000.000000000015,-12500.0,2500.0000000000146
2013-05-16,1.87,132.46875,52499.999999999876,-62500.0,-10000.000000000124
2013-05-17,1.95,131.859375,-59999.99999999988,60937.5,937.5000000001164
2013-05-20,1.97,131.8125,-15000.000000000015,4687.5,-10312.500000000015
2013-05-21,1.94,131.90625,22500.00000000002,-9375.0,13125.000000000018
2013-05-22,2.03,131.234375,-67499.9999999999,67187.5,-312.49999999989814
2013-05-23,2.02,131.265625,7499.999999999841,-3125.0,4374.999999999841
2013-05-24,2.01,131.34375,7500.000000000174,-7812.5,-312.4999999998263
2013-05-28,2.15,130.390625,-105000.00000000009,95312.5,-9687.500000000087
2013-05-29,2.13,130.46875,15000.000000000015,-7812.5,7187.500000000015
2013-05-30,2.13,130.484375,-0.0,-1562.5,-1562.5
2013-05-31,2.16,130.25,-22500.00000000019,23437.5,937.4999999998108
2013-06-03,2.13,130.421875,22500.00000000019,-17187.5,5312.500000000189
2013-06-04,2.14,130.34375,-7500.000000000174,7812.5,312.4999999998263
2013-06-05,2.1,130.5625,30000.00000000003,-21875.0,8125.000000000029
2013-06-06,2.08,130.796875,15000.000000000015,-23437.5,-8437.499999999985
2013-06-07,2.17,130.140625,-67499.9999999999,65625.0,-1874.9999999998981
2013-06-10,2.22,129.8125,-37500.0000000002,32812.5,-4687.500000000196
2013-06-11,2.2,129.921875,15000.000000000015,-10937.5,4062.5000000000146
2013-06-12,2.25,129.703125,-37499.99999999987,21875.0,-15624.999999999869
2013-06-13,2.19,130.0625,45000.00000000004,-35937.5,9062.500000000036
2013-06-14,2.14,130.625,37499.99999999987,-56250.0,-18750.00000000013
2013-06-17,2.19,130.359375,-37499.99999999987,26562.5,-10937.499999999869
2013-06-27,2.49,126.640625,44999.9999999997,-48437.5,-3437.5000000002983
2013-06-28,2.52,126.5625,-22499.99999999985,7812.5,-14687.49999999985
2013-07-01,2.5,126.53125,15000.000000000015,3125.0,18125.000000000015
2013-07-02,2.48,126.609375,15000.000000000015,-7812.5,7187.500000000015
2013-07-03,2.52,126.359375,-30000.00000000003,25000.0,-5000.000000000029
2013-07-05,2.73,124.65625,-157499.99999999997,170312.5,12812.50000000003
2013-07-08,2.65,125.28125,60000.00000000006,-62500.0,-2499.999999999942
2013-07-09,2.65,125.5,-0.0,-21875.0,-21875.0
2013-07-10,2.7,125.28125,-37500.0000000002,21875.0,-15625.000000000196
2013-07-11,2.6,126.3125,75000.00000000007,-103125.0,-28124.999999999927
2013-07-12,2.61,126.09375,-7499.999999999841,21875.0,14375.00000000016
2013-07-15,2.57,126.5,30000.00000000003,-40625.0,-10624.99999999997
2013-07-16,2.55,126.59375,15000.000000000015,-9375.0,5625.000000000015
2013-07-17,2.52,127.015625,22499.99999999985,-42187.5,-19687.50000000015
2013-07-18,2.56,126.75,-30000.00000000003,26562.5,-3437.500000000029
2013-07-19,2.5,127.09375,45000.00000000004,-34375.0,10625.000000000036
2013-07-22,2.5,127.109375,-0.0,-1562.5,-1562.5
2013-07-23,2.53,126.953125,-22499.99999999985,15625.0,-6874.999999999851
2013-07-24,2.61,126.421875,-60000.00000000006,53125.0,-6875.000000000058
2013-07-25,2.61,126.296875,-0.0,12500.0,12500.0
2013-07-26,2.58,126.6875,22499.99999999985,-39062.5,-16562.50000000015
2013-07-29,2.61,126.53125,-22499.99999999985,15625.0,-6874.999999999851
2013-07-30,2.63,126.421875,-15000.000000000015,10937.5,-4062.5000000000146
2013-07-31,2.6,126.4375,22499.99999999985,-1562.5,20937.49999999985
2013-08-01,2.74,125.375,-105000.00000000009,106250.0,1249.9999999999127
2013-08-02,2.63,126.578125,82500.00000000023,-120312.5,-37812.49999999977
2013-08-05,2.67,126.34375,-30000.00000000003,23437.5,-6562.500000000029
2013-08-06,2.67,126.359375,-0.0,-1562.5,-1562.5
2013-08-07,2.61,126.640625,45000.00000000004,-28125.0,16875.000000000036
2013-08-08,2.58,126.8125,22499.99999999985,-17187.5,5312.499999999851
2013-08-09,2.57,126.8125,7500.000000000174,-0.0,7500.000000000174
2013-08-12,2.61,126.625,-30000.00000000003,18750.0,-11250.00000000003
2013-08-13,2.71,125.703125,-75000.00000000007,92187.5,17187.499999999927
2013-08-14,2.71,125.78125,-0.0,-7812.5,-7812.5
2013-08-15,2.77,125.5,-45000.00000000004,28125.0,-16875.000000000036
2013-08-16,2.84,124.984375,-52499.999999999876,51562.5,-937.4999999998763
2013-08-19,2.88,124.609375,-30000.00000000003,37500.0,7499.999999999971
2013-08-20,2.82,125.171875,45000.00000000004,-56250.0,-11249.999999999964
2013-08-21,2.87,124.71875,-37500.0000000002,45312.5,7812.499999999804
2013-08-22,2.9,124.265625,-22499.99999999985,45312.5,22812.50000000015
2013-08-23,2.82,124.859375,60000.00000000006,-59375.0,625.0000000000582
2013-08-26,2.79,125.046875,22499.99999999985,-18750.0,3749.999999999851
2013-08-27,2.72,125.734375,52499.999999999876,-68750.0,-16250.000000000124
2013-08-28,2.78,125.265625,-44999.9999999997,46875.0,1875.0000000002983
2013-08-29,2.75,125.5,22499.99999999985,-23437.5,-937.5000000001492
2013-08-30,2.78,125.34375,-22499.99999999985,15625.0,-6874.999999999851
2013-09-03,2.86,124.65625,-60000.00000000006,68750.0,8749.999999999942
2013-09-04,2.9,124.1875,-30000.00000000003,46875.0,16874.99999999997
2013-09-05,2.98,123.53125,-60000.00000000006,65625.0,5624.999999999942
2013-09-06,2.94,124.078125,30000.00000000003,-54687.5,-24687.49999999997
2013-09-09,2.9,124.484375,30000.00000000003,-40625.0,-10624.99999999997
2013-09-10,2.96,124.15625,-45000.00000000004,32812.5,-12187.500000000036
2013-09-11,2.93,124.53125,22499.99999999985,-37500.0,-15000.00000000015
2013-09-12,2.92,124.5625,7500.000000000174,-3125.0,4375.000000000174
2013-09-13,2.9,124.671875,15000.000000000015,-10937.5,4062.5000000000146
2013-09-16,2.88,125.0625,15000.000000000015,-39062.5,-24062.499999999985
2013-09-17,2.86,125.21875,15000.000000000015,-15625.0,-624.9999999999854
2013-09-27,2.64,126.34375,15000.000000000015,-25000.0,-9999.999999999985
2013-09-30,2.64,126.390625,-0.0,-4687.5,-4687.5
2013-10-01,2.66,126.125,-15000.000000000015,26562.5,11562.499999999985
2013-10-02,2.63,126.390625,22500.00000000019,-26562.5,-4062.499999999811
2013-10-03,2.62,126.578125,7499.999999999841,-18750.0,-11250.00000000016
2013-10-04,2.66,126.1875,-30000.00000000003,39062.5,9062.49999999997
2013-10-07,2.65,126.296875,7500.000000000174,-10937.5,-3437.4999999998263
2013-10-08,2.66,126.265625,-7500.000000000174,3125.0,-4375.000000000174
2013-10-09,2.68,126.265625,-15000.000000000015,-0.0,-15000.000000000015
2013-10-10,2.71,125.984375,-22499.99999999985,28125.0,5625.000000000149
2013-10-11,2.7,126.109375,7499.999999999841,-12500.0,-5000.000000000159
2013-10-15,2.75,125.859375,-37499.99999999987,25000.0,-12499.999999999869
2013-10-16,2.69,126.265625,45000.00000000004,-40625.0,4375.000000000036
2013-10-17,2.61,126.953125,60000.00000000006,-68750.0,-8749.999999999942
2013-10-18,2.6,126.890625,7499.999999999841,6250.0,13749.99999999984
2013-10-21,2.63,126.75,-22499.99999999985,14062.5,-8437.49999999985
2013-10-22,2.54,127.5,67499.9999999999,-75000.0,-7500.000000000102
2013-10-23,2.51,127.65625,22500.00000000019,-15625.0,6875.000000000189
2013-10-24,2.53,127.40625,-15000.000000000015,25000.0,9999.999999999985
2013-10-25,2.53,127.609375,-0.0,-20312.5,-20312.5
2013-10-28,2.54,127.5625,-7500.000000000174,4687.5,-2812.5000000001737
2013-10-29,2.53,127.71875,7500.000000000174,-15625.0,-8124.999999999826
2013-10-30,2.55,127.515625,-15000.000000000015,20312.5,5312.499999999985
2013-10-31,2.57,127.359375,-15000.000000000015,15625.0,624.9999999999854
2013-11-01,2.65,126.78125,-60000.00000000006,57812.5,-2187.500000000058
2013-11-04,2.63,126.984375,15000.000000000015,-20312.5,-5312.499999999985
2013-11-05,2.69,126.5625,-45000.00000000004,42187.5,-2812.5000000000364
2013-11-06,2.67,126.921875,15000.000000000015,-35937.5,-20937.499999999985
2013-11-07,2.63,127.140625,30000.00000000003,-21875.0,8125.000000000029
2013-11-08,2.77,126.109375,-105000.00000000009,103125.0,-1875.0000000000873
2013-11-12,2.8,125.90625,-22499.99999999985,20312.5,-2187.499999999851
2013-11-13,2.75,126.359375,37499.99999999987,-45312.5,-7812.500000000131
2013-11-14,2.69,126.84375,45000.00000000004,-48437.5,-3437.4999999999636
2013-11-15,2.71,126.765625,-15000.000000000015,7812.5,-7187.500000000015
2013-11-18,2.67,127.046875,30000.00000000003,-28125.0,1875.000000000029
2013-11-19,2.71,126.734375,-30000.00000000003,31250.0,1249.999999999971
2013-11-20,2.8,126.359375,-67499.9999999999,37500.0,-29999.999999999898
2013-11-21,2.79,126.359375,7499.999999999841,-0.0,7499.999999999841
2013-11-22,2.75,126.578125,30000.00000000003,-21875.0,8125.000000000029
2013-11-25,2.74,126.671875,7499.999999999841,-9375.0,-1875.0000000001592
2013-11-26,2.71,127.0625,22500.00000000019,-39062.5,-16562.49999999981
2013-11-27,2.74,126.75,-22500.00000000019,31250.0,8749.99999999981
2013-11-29,2.75,126.640625,-7499.999999999841,10937.5,3437.500000000159
2013-12-02,2.81,126.15625,-45000.00000000004,48437.5,3437.4999999999636
2013-12-03,2.79,126.390625,15000.000000000015,-23437.5,-8437.499999999985
2013-12-04,2.84,125.9375,-37499.99999999987,45312.5,7812.500000000131
2013-12-05,2.88,125.734375,-30000.00000000003,20312.5,-9687.50000000003
2013-12-06,2.88,125.578125,-0.0,15625.0,15625.0
2013-12-09,2.86,125.6875,15000.000000000015,-10937.5,4062.5000000000146
2013-12-10,2.81,126.171875,37499.99999999987,-48437.5,-10937.500000000131
2013-12-11,2.86,125.8125,-37499.99999999987,35937.5,-1562.499999999869
2013-12-12,2.89,125.5625,-22500.00000000019,25000.0,2499.999999999811
2013-12-13,2.88,125.5625,7500.000000000174,-0.0,7500.000000000174
2013-12-16,2.89,125.53125,-7500.000000000174,3125.0,-4375.000000000174
2013-12-17,2.85,124.546875,30000.00000000003,98437.5,128437.50000000003
2013-12-27,3.02,122.984375,-15000.000000000015,-0.0,-15000.000000000015
2013-12-30,2.99,123.21875,22499.99999999985,-23437.5,-937.5000000001492
2013-12-31,3.04,123.046875,-37499.99999999987,17187.5,-20312.49999999987
2014-01-02,3.0,123.21875,30000.00000000003,-17187.5,12812.50000000003
2014-01-03,3.01,123.171875,-7499.999999999841,4687.5,-2812.499999999841
2014-01-06,2.98,123.46875,22499.99999999985,-29687.5,-7187.500000000149
2014-01-07,2.96,123.6875,15000.000000000015,-21875.0,-6874.999999999985
2014-01-08,3.01,123.109375,-37499.99999999987,57812.5,20312.50000000013
2014-01-09,2.97,123.328125,29999.999999999694,-21875.0,8124.999999999694
2014-01-10,2.88,124.296875,67500.00000000023,-96875.0,-29374.999999999767
2014-01-13,2.84,124.578125,30000.00000000003,-28125.0,1875.000000000029
2014-01-14,2.88,124.171875,-30000.00000000003,40625.0,10624.99999999997
2014-01-15,2.9,123.96875,-15000.000000000015,20312.5,5312.499999999985
2014-01-16,2.86,124.265625,30000.00000000003,-29687.5,312.5000000000291
2014-01-17,2.84,124.421875,15000.000000000015,-15625.0,-624.9999999999854
2014-01-21,2.85,124.375,-7500.000000000174,4687.5,-2812.5000000001737
2014-01-22,2.87,123.96875,-15000.000000000015,40625.0,25624.999999999985
2014-01-23,2.79,124.78125,60000.00000000006,-81250.0,-21249.99999999994
2014-01-24,2.75,125.0625,30000.00000000003,-28125.0,1875.000000000029
2014-01-27,2.78,124.8125,-22499.99999999985,25000.0,2500.000000000149
2014-01-28,2.77,125.078125,7499.999999999841,-26562.5,-19062.50000000016
2014-01-29,2.69,125.625,60000.00000000006,-54687.5,5312.500000000058
2014-01-30,2.72,125.453125,-22500.00000000019,17187.5,-5312.500000000189
2014-01-31,2.67,125.75,37500.0000000002,-29687.5,7812.500000000196
2014-02-03,2.61,126.421875,45000.00000000004,-67187.5,-22187.499999999964
2014-02-04,2.64,126.140625,-22500.00000000019,28125.0,5624.999999999811
2014-02-05,2.7,125.875,-45000.00000000004,26562.5,-18437.500000000036
2014-02-06,2.73,125.609375,-22499.99999999985,26562.5,4062.500000000149
2014-02-07,2.71,125.96875,15000.000000000015,-35937.5,-20937.499999999985
2014-02-10,2.7,125.9375,7499.999999999841,3125.0,10624.99999999984
2014-02-11,2.75,125.578125,-37499.99999999987,35937.5,-1562.499999999869
2014-02-12,2.8,125.25,-37499.99999999987,32812.5,-4687.499999999869
2014-02-13,2.73,125.75,52499.999999999876,-50000.0,2499.9999999998763
2014-02-14,2.75,125.640625,-15000.000000000015,10937.5,-4062.5000000000146
2014-02-18,2.71,125.953125,30000.00000000003,-31250.0,-1249.999999999971
2014-02-19,2.73,125.734375,-15000.000000000015,21875.0,6874.999999999985
2014-02-20,2.76,125.5,-22499.99999999985,23437.5,937.5000000001492
2014-02-21,2.73,125.609375,22499.99999999985,-10937.5,11562.49999999985
2014-02-24,2.75,125.46875,-15000.000000000015,14062.5,-937.5000000000146
2014-02-25,2.7,125.828125,37499.99999999987,-35937.5,1562.499999999869
2014-02-26,2.67,126.078125,22500.00000000019,-25000.0,-2499.999999999811
2014-02-27,2.65,126.3125,15000.000000000015,-23437.5,-8437.499999999985
2014-02-28,2.66,126.109375,-7500.000000000174,20312.5,12812.499999999825
2014-03-03,2.6,126.578125,45000.00000000004,-46875.0,-1874.9999999999636
2014-03-04,2.7,125.921875,-75000.00000000007,65625.0,-9375.000000000073
2014-03-05,2.7,125.9375,-0.0,-1562.5,-1562.5
2014-03-06,2.74,125.609375,-30000.00000000003,32812.5,2812.499999999971
2014-03-07,2.8,125.140625,-44999.9999999997,46875.0,1875.0000000002983
2014-03-10,2.79,125.25,7499.999999999841,-10937.5,-3437.500000000159
2014-03-11,2.77,125.375,15000.000000000015,-12500.0,2500.0000000000146
2014-03-12,2.73,125.65625,30000.00000000003,-28125.0,1875.000000000029
2014-03-13,2.66,126.21875,52499.999999999876,-56250.0,-3750.0000000001237
2014-03-14,2.65,126.265625,7500.000000000174,-4687.5,2812.5000000001737
2014-03-17,2.7,125.890625,-37500.0000000002,37500.0,-1.964508555829525e-10
2014-03-27,2.69,123.859375,15000.000000000015,-6250.0,8750.000000000015
2014-03-28,2.73,123.5625,-30000.00000000003,29687.5,-312.5000000000291
2014-03-31,2.73,123.5,-0.0,6250.0,6250.0
2014-04-01,2.77,123.359375,-30000.00000000003,14062.5,-15937.50000000003
2014-04-02,2.82,122.921875,-37499.99999999987,43750.0,6250.000000000131
2014-04-03,2.8,122.96875,15000.000000000015,-4687.5,10312.500000000015
2014-04-04,2.74,123.671875,44999.9999999997,-70312.5,-25312.5000000003
2014-04-07,2.71,123.859375,22500.00000000019,-18750.0,3750.000000000189
2014-04-08,2.69,124.046875,15000.000000000015,-18750.0,-3749.9999999999854
2014-04-09,2.71,124.203125,-15000.000000000015,-15625.0,-30625.000000000015
2014-04-10,2.65,124.703125,45000.00000000004,-50000.0,-4999.999999999964
2014-04-11,2.63,124.796875,15000.000000000015,-9375.0,5625.000000000015
2014-04-14,2.65,124.59375,-15000.000000000015,20312.5,5312.499999999985
2014-04-15,2.64,124.59375,7499.999999999841,-0.0,7499.999999999841
2014-04-16,2.65,124.375,-7499.999999999841,21875.0,14375.00000000016
2014-04-17,2.73,123.75,-60000.00000000006,62500.0,2499.999999999942
2014-04-21,2.73,123.734375,-0.0,1562.5,1562.5
2014-04-22,2.73,123.625,-0.0,10937.5,10937.5
2014-04-23,2.7,123.953125,22499.99999999985,-32812.5,-10312.50000000015
2014-04-24,2.7,123.921875,-0.0,3125.0,3125.0
2014-04-25,2.68,124.0625,15000.000000000015,-14062.5,937.5000000000146
2014-04-28,2.7,124.09375,-15000.000000000015,-3125.0,-18125.000000000015
2014-04-29,2.71,124.0,-7499.999999999841,9375.0,1875.0000000001592
2014-04-30,2.67,124.421875,30000.00000000003,-42187.5,-12187.49999999997
2014-05-01,2.63,124.65625,30000.00000000003,-23437.5,6562.500000000029
2014-05-02,2.6,124.65625,22499.99999999985,-0.0,22499.99999999985
2014-05-05,2.63,124.578125,-22499.99999999985,7812.5,-14687.49999999985
2014-05-06,2.61,124.640625,15000.000000000015,-6250.0,8750.000000000015
2014-05-07,2.62,124.875,-7500.000000000174,-23437.5,-30937.500000000175
2014-05-08,2.61,125.109375,7500.000000000174,-23437.5,-15937.499999999825
2014-05-09,2.62,125.0,-7500.000000000174,10937.5,3437.4999999998263
2014-05-12,2.66,124.734375,-30000.00000000003,26562.5,-3437.500000000029
2014-05-13,2.61,125.0625,37500.0000000002,-32812.5,4687.500000000196
2014-05-14,2.54,125.625,52499.999999999876,-56250.0,-3750.0000000001237
2014-05-15,2.5,125.921875,30000.00000000003,-29687.5,312.5000000000291
2014-05-16,2.52,125.78125,-15000.000000000015,14062.5,-937.5000000000146
2014-05-19,2.54,125.734375,-15000.000000000015,4687.5,-10312.500000000015
2014-05-20,2.52,126.0,15000.000000000015,-26562.5,-11562.499999999985
2014-05-21,2.54,125.8125,-15000.000000000015,18750.0,3749.9999999999854
2014-05-22,2.56,125.625,-15000.000000000015,18750.0,3749.9999999999854
2014-05-23,2.54,125.796875,15000.000000000015,-17187.5,-2187.4999999999854
2014-05-27,2.52,125.90625,15000.000000000015,-10937.5,4062.5000000000146
2014-05-28,2.44,126.484375,60000.00000000006,-57812.5,2187.500000000058
2014-05-29,2.45,126.40625,-7500.000000000174,7812.5,312.4999999998263
2014-05-30,2.48,126.328125,-22499.99999999985,7812.5,-14687.49999999985
2014-06-02,2.54,125.71875,-45000.00000000004,60937.5,15937.499999999964
2014-06-03,2.6,125.265625,-45000.00000000004,45312.5,312.4999999999636
2014-06-04,2.61,125.15625,-7499.999999999841,10937.5,3437.500000000159
2014-06-05,2.59,125.359375,15000.000000000015,-20312.5,-5312.499999999985
2014-06-06,2.6,125.234375,-7500.000000000174,12500.0,4999.999999999826
2014-06-09,2.62,125.0625,-15000.000000000015,17187.5,2187.4999999999854
2014-06-10,2.64,124.890625,-15000.000000000015,17187.5,2187.4999999999854
2014-06-11,2.65,124.96875,-7499.999999999841,-7812.5,-15312.49999999984
2014-06-12,2.58,125.40625,52499.999999999876,-43750.0,8749.999999999876
2014-06-13,2.6,125.171875,-15000.000000000015,23437.5,8437.499999999985
2014-06-16,2.61,125.171875,-7499.999999999841,-0.0,-7499.999999999841
2014-06-17,2.66,124.75,-37500.0000000002,42187.5,4687.499999999804
2014-06-27,2.54,125.09375,-7500.000000000174,-1562.5,-9062.500000000175
2014-06-30,2.53,125.171875,7500.000000000174,-7812.5,-312.4999999998263
2014-07-01,2.58,124.875,-37500.0000000002,29687.5,-7812.500000000196
2014-07-02,2.64,124.390625,-45000.00000000004,48437.5,3437.4999999999636
2014-07-03,2.65,124.21875,-7499.999999999841,17187.5,9687.50000000016
2014-07-07,2.63,124.390625,15000.000000000015,-17187.5,-2187.4999999999854
2014-07-08,2.58,124.75,37499.99999999987,-35937.5,1562.499999999869
2014-07-09,2.57,124.984375,7500.000000000174,-23437.5,-15937.499999999825
2014-07-10,2.55,125.171875,15000.000000000015,-18750.0,-3749.9999999999854
2014-07-11,2.53,125.21875,15000.000000000015,-4687.5,10312.500000000015
2014-07-14,2.55,124.96875,-15000.000000000015,25000.0,9999.999999999985
2014-07-15,2.56,124.90625,-7500.000000000174,6250.0,-1250.0000000001737
2014-07-16,2.55,124.890625,7500.000000000174,1562.5,9062.500000000175
2014-07-17,2.47,125.359375,59999.999999999716,-46875.0,13124.999999999716
2014-07-18,2.5,125.28125,-22499.99999999985,7812.5,-14687.49999999985
2014-07-21,2.49,125.265625,7499.999999999841,1562.5,9062.49999999984
2014-07-22,2.48,125.40625,7500.000000000174,-14062.5,-6562.499999999826
2014-07-23,2.48,125.421875,-0.0,-1562.5,-1562.5
2014-07-24,2.52,125.046875,-30000.00000000003,37500.0,7499.999999999971
2014-07-25,2.48,125.3125,30000.00000000003,-26562.5,3437.500000000029
2014-07-28,2.5,125.125,-15000.000000000015,18750.0,3749.9999999999854
2014-07-29,2.47,125.375,22499.99999999985,-25000.0,-2500.000000000149
2014-07-30,2.57,124.65625,-74999.99999999974,71875.0,-3124.999999999738
2014-07-31,2.58,124.609375,-7500.000000000174,4687.5,-2812.5000000001737
2014-08-01,2.52,125.25,45000.00000000004,-64062.5,-19062.499999999964
2014-08-04,2.51,125.375,7500.000000000174,-12500.0,-4999.999999999826
2014-08-05,2.49,125.390625,14999.999999999682,-1562.5,13437.499999999682
2014-08-06,2.49,125.5,-0.0,-10937.5,-10937.5
2014-08-07,2.43,125.921875,45000.00000000004,-42187.5,2812.5000000000364
2014-08-08,2.44,125.96875,-7499.999999999841,-4687.5,-12187.49999999984
2014-08-11,2.44,125.921875,-0.0,4687.5,4687.5
2014-08-12,2.46,125.828125,-15000.000000000015,9375.0,-5625.000000000015
2014-08-13,2.43,126.140625,22499.99999999985,-31250.0,-8750.00000000015
2014-08-14,2.4,126.296875,22500.00000000019,-15625.0,6875.000000000189
2014-08-15,2.34,126.640625,45000.00000000004,-34375.0,10625.000000000036
2014-08-18,2.39,126.359375,-37500.0000000002,28125.0,-9375.000000000196
2014-08-19,2.4,126.21875,-7499.999999999841,14062.5,6562.500000000159
2014-08-20,2.43,125.921875,-22500.00000000019,29687.5,7187.499999999811
2014-08-21,2.41,126.015625,15000.000000000015,-9375.0,5625.000000000015
2014-08-22,2.4,125.890625,7500.000000000174,12500.0,20000.000000000175
2014-08-25,2.39,125.953125,7499.999999999841,-6250.0,1249.9999999998408
2014-08-26,2.39,126.03125,-0.0,-7812.5,-7812.5
2014-08-27,2.37,126.234375,15000.000000000015,-20312.5,-5312.499999999985
2014-08-28,2.34,126.40625,22500.00000000019,-17187.5,5312.500000000189
2014-08-29,2.35,126.328125,-7500.000000000174,7812.5,312.4999999998263
2014-09-02,2.42,125.796875,-52499.999999999876,53125.0,625.0000000001237
2014-09-03,2.41,125.78125,7499.999999999841,1562.5,9062.49999999984
2014-09-04,2.45,125.484375,-30000.00000000003,29687.5,-312.5000000000291
2014-09-05,2.46,125.53125,-7499.999999999841,-4687.5,-12187.49999999984
2014-09-08,2.48,125.421875,-15000.000000000015,10937.5,-4062.5000000000146
2014-09-09,2.5,125.109375,-15000.000000000015,31250.0,16249.999999999985
2014-09-10,2.54,124.921875,-30000.00000000003,18750.0,-11250.00000000003
2014-09-11,2.54,124.953125,-0.0,-3125.0,-3125.0
2014-09-12,2.62,124.484375,-60000.00000000006,46875.0,-13125.000000000058
2014-09-15,2.6,124.65625,15000.000000000015,-17187.5,-2187.4999999999854
2014-09-16,2.6,124.703125,-0.0,-4687.5,-4687.5
2014-09-17,2.62,124.59375,-15000.000000000015,10937.5,-4062.5000000000146
2014-09-29,2.5,124.765625,30000.00000000003,-32812.5,-2812.499999999971
2014-09-30,2.52,124.640625,-15000.000000000015,12500.0,-2500.0000000000146
2014-10-01,2.42,125.515625,75000.00000000007,-87500.0,-12499.999999999927
2014-10-02,2.44,125.3125,-15000.000000000015,20312.5,5312.499999999985
2014-10-03,2.45,125.140625,-7500.000000000174,17187.5,9687.499999999825
2014-10-06,2.43,125.40625,15000.000000000015,-26562.5,-11562.499999999985
2014-10-07,2.36,126.0,52500.00000000022,-59375.0,-6874.999999999782
2014-10-08,2.35,126.375,7499.999999999841,-37500.0,-30000.00000000016
2014-10-09,2.34,126.4375,7500.000000000174,-6250.0,1250.0000000001737
2014-10-10,2.31,126.546875,22499.99999999985,-10937.5,11562.49999999985
2014-10-14,2.21,127.4375,75000.00000000007,-89062.5,-14062.499999999927
2014-10-15,2.15,128.5625,45000.00000000004,-112500.0,-67499.99999999997
2014-10-16,2.17,128.046875,-15000.000000000015,51562.5,36562.499999999985
2014-10-17,2.22,127.640625,-37500.0000000002,40625.0,3124.9999999998035
2014-10-20,2.2,127.8125,15000.000000000015,-17187.5,-2187.4999999999854
2014-10-21,2.23,127.65625,-22499.99999999985,15625.0,-6874.999999999851
2014-10-22,2.25,127.421875,-15000.000000000015,23437.5,8437.499999999985
2014-10-23,2.29,127.015625,-30000.00000000003,40625.0,10624.99999999997
2014-10-24,2.29,127.03125,-0.0,-1562.5,-1562.5
2014-10-27,2.27,127.140625,15000.000000000015,-10937.5,4062.5000000000146
2014-10-28,2.3,126.953125,-22499.99999999985,18750.0,-3749.999999999851
2014-10-29,2.34,126.453125,-30000.00000000003,50000.0,19999.99999999997
2014-10-30,2.32,126.625,15000.000000000015,-17187.5,-2187.4999999999854
2014-10-31,2.35,126.359375,-22500.00000000019,26562.5,4062.499999999811
2014-11-03,2.36,126.265625,-7499.999999999841,9375.0,1875.0000000001592
2014-11-04,2.35,126.28125,7499.999999999841,-1562.5,5937.499999999841
2014-11-05,2.36,126.28125,-7499.999999999841,-0.0,-7499.999999999841
2014-11-06,2.39,126.0625,-22500.00000000019,21875.0,-625.0000000001892
2014-11-07,2.32,126.65625,52500.00000000022,-59375.0,-6874.999999999782
2014-11-10,2.38,126.265625,-45000.00000000004,39062.5,-5937.500000000036
2014-11-12,2.37,126.328125,7499.999999999841,-6250.0,1249.9999999998408
2014-11-13,2.35,126.484375,15000.000000000015,-15625.0,-624.9999999999854
2014-11-14,2.32,126.6875,22500.00000000019,-20312.5,2187.500000000189
2014-11-17,2.34,126.46875,-15000.000000000015,21875.0,6874.999999999985
2014-11-18,2.32,126.640625,15000.000000000015,-17187.5,-2187.4999999999854
2014-11-19,2.36,126.390625,-30000.00000000003,25000.0,-5000.000000000029
2014-11-20,2.34,126.5625,15000.000000000015,-17187.5,-2187.4999999999854
2014-11-21,2.31,126.6875,22499.99999999985,-12500.0,9999.99999999985
2014-11-24,2.3,126.78125,7500.000000000174,-9375.0,-1874.9999999998263
2014-11-25,2.27,127.125,22499.99999999985,-34375.0,-11875.00000000015
2014-11-26,2.24,127.359375,22499.99999999985,-23437.5,-937.5000000001492
2014-11-28,2.18,127.65625,45000.00000000004,-29687.5,15312.500000000036
2014-12-01,2.22,127.515625,-30000.00000000003,14062.5,-15937.50000000003
2014-12-02,2.28,126.953125,-44999.9999999997,56250.0,11250.000000000298
2014-12-03,2.29,126.890625,-7500.000000000174,6250.0,-1250.0000000001737
2014-12-04,2.25,127.109375,30000.00000000003,-21875.0,8125.000000000029
2014-12-05,2.31,126.515625,-45000.00000000004,59375.0,14374.999999999964
2014-12-08,2.26,126.796875,37500.0000000002,-28125.0,9375.000000000196
2014-12-09,2.22,127.140625,29999.999999999694,-34375.0,-4375.000000000306
2014-12-10,2.18,127.625,30000.00000000003,-48437.5,-18437.49999999997
2014-12-11,2.19,127.359375,-7499.999999999841,26562.5,19062.50000000016
2014-12-12,2.1,127.953125,67499.9999999999,-59375.0,8124.999999999898
2014-12-15,2.12,127.703125,-15000.000000000015,25000.0,9999.999999999985
2014-12-16,2.07,128.109375,37500.0000000002,-40625.0,-3124.9999999998035
2014-12-17,2.14,127.4375,-52500.00000000022,67187.5,14687.499999999782
2014-12-29,2.22,126.390625,22499.99999999985,-37500.0,-15000.00000000015
2014-12-30,2.2,126.578125,15000.000000000015,-18750.0,-3749.9999999999854
2014-12-31,2.17,126.796875,22500.00000000019,-21875.0,625.0000000001892
2015-01-02,2.12,127.15625,37499.99999999987,-35937.5,1562.499999999869
2015-01-05,2.04,127.765625,60000.00000000006,-60937.5,-937.4999999999418
2015-01-06,1.97,128.359375,52500.000000000044,-59375.0,-6874.999999999956
2015-01-07,1.96,128.46875,7500.000000000007,-10937.5,-3437.4999999999927
2015-01-08,2.03,128.109375,-52499.999999999876,35937.5,-16562.499999999876
2015-01-09,1.98,128.578125,37499.99999999987,-46875.0,-9375.000000000131
2015-01-12,1.92,129.0625,45000.00000000004,-48437.5,-3437.4999999999636
2015-01-13,1.91,129.3125,7500.000000000007,-25000.0,-17499.999999999993
2015-01-14,1.86,129.765625,37499.99999999987,-45312.5,-7812.500000000131
2015-01-15,1.77,130.34375,67500.00000000006,-57812.5,9687.500000000058
2015-01-16,1.83,129.859375,-45000.00000000004,48437.5,3437.4999999999636
2015-01-20,1.82,129.859375,7500.000000000007,-0.0,7500.000000000007
2015-01-21,1.87,129.4375,-37500.00000000004,42187.5,4687.499999999964
2015-01-22,1.9,129.125,-22499.99999999985,31250.0,8750.00000000015
2015-01-23,1.81,129.671875,67499.9999999999,-54687.5,12812.499999999898
2015-01-26,1.83,129.5,-15000.000000000015,17187.5,2187.4999999999854
2015-01-27,1.83,129.65625,-0.0,-15625.0,-15625.0
2015-01-28,1.73,130.46875,75000.00000000007,-81250.0,-6249.999999999927
2015-01-29,1.77,130.1875,-30000.00000000003,28125.0,-1875.000000000029
2015-01-30,1.68,130.875,67500.00000000006,-68750.0,-1249.9999999999418
2015-02-02,1.68,130.921875,-0.0,-4687.5,-4687.5
2015-02-03,1.79,130.0625,-82500.00000000007,85937.5,3437.4999999999272
2015-02-04,1.81,130.0,-15000.000000000015,6250.0,-8750.000000000015
2015-02-05,1.83,129.859375,-15000.000000000015,14062.5,-937.5000000000146
2015-02-06,1.95,128.71875,-89999.99999999991,114062.5,24062.500000000087
2015-02-09,1.96,128.609375,-7500.000000000007,10937.5,3437.4999999999927
2015-02-10,2.01,128.359375,-37499.99999999987,25000.0,-12499.999999999869
2015-02-11,2.0,128.359375,7499.999999999841,-0.0,7499.999999999841
2015-02-12,1.99,128.421875,7500.000000000007,-6250.0,1250.0000000000073
2015-02-13,2.02,128.234375,-22500.00000000002,18750.0,-3750.000000000018
2015-02-17,2.14,127.25,-90000.00000000007,98437.5,8437.499999999927
2015-02-18,2.07,128.015625,52500.00000000022,-76562.5,-24062.49999999978
2015-02-19,2.11,127.59375,-30000.00000000003,42187.5,12187.49999999997
2015-02-20,2.13,127.40625,-15000.000000000015,18750.0,3749.9999999999854
2015-02-23,2.06,128.015625,52499.999999999876,-60937.5,-8437.500000000124
2015-02-24,1.99,128.6875,52500.000000000044,-67187.5,-14687.499999999956
2015-02-25,1.96,128.71875,22500.00000000002,-3125.0,19375.00000000002
2015-02-26,2.03,128.28125,-52499.999999999876,43750.0,-8749.999999999876
2015-02-27,2.0,128.421875,22499.99999999985,-14062.5,8437.49999999985
2015-03-02,2.08,127.765625,-60000.00000000006,65625.0,5624.999999999942
2015-03-03,2.12,127.46875,-30000.00000000003,29687.5,-312.5000000000291
2015-03-04,2.12,127.5625,-0.0,-9375.0,-9375.0
2015-03-05,2.11,127.71875,7500.000000000174,-15625.0,-8124.999999999826
2015-03-06,2.24,126.75,-97500.00000000025,96875.0,-625.0000000002474
2015-03-09,2.2,127.09375,30000.00000000003,-34375.0,-4374.999999999971
2015-03-10,2.14,127.5625,45000.00000000004,-46875.0,-1874.9999999999636
2015-03-11,2.11,127.609375,22500.00000000019,-4687.5,17812.50000000019
2015-03-12,2.1,127.828125,7499.999999999841,-21875.0,-14375.00000000016
2015-03-13,2.13,127.765625,-22499.99999999985,6250.0,-16249.99999999985
2015-03-16,2.1,127.84375,22499.99999999985,-7812.5,14687.49999999985
2015-03-17,2.06,128.109375,30000.00000000003,-26562.5,3437.500000000029
2015-03-27,1.95,128.6875,44999.999999999876,-45312.5,-312.5000000001237
2015-03-30,1.96,128.59375,-7500.000000000007,9375.0,1874.9999999999927
2015-03-31,1.94,128.90625,15000.000000000015,-31250.0,-16249.999999999985
2015-04-01,1.87,129.375,52499.999999999876,-46875.0,5624.999999999876
2015-04-02,1.92,129.171875,-37499.99999999987,20312.5,-17187.49999999987
2015-04-06,1.92,129.421875,-0.0,-25000.0,-25000.0
2015-04-07,1.89,129.359375,22500.00000000002,6250.0,28750.00000000002
2015-04-08,1.92,129.359375,-22500.00000000002,-0.0,-22500.00000000002
2015-04-09,1.97,128.84375,-37500.00000000004,51562.5,14062.499999999964
2015-04-10,1.96,128.8125,7500.000000000007,3125.0,10625.000000000007
2015-04-13,1.94,128.984375,15000.000000000015,-17187.5,-2187.4999999999854
2015-04-14,1.9,129.3125,30000.00000000003,-32812.5,-2812.499999999971
2015-04-15,1.91,129.4375,-7500.000000000007,-12500.0,-20000.000000000007
2015-04-16,1.9,129.6875,7500.000000000007,-25000.0,-17499.999999999993
2015-04-17,1.87,129.8125,22499.99999999985,-12500.0,9999.99999999985
2015-04-20,1.9,129.53125,-22499.99999999985,28125.0,5625.000000000149
2015-04-21,1.92,129.359375,-15000.000000000015,17187.5,2187.4999999999854
2015-04-22,1.99,128.859375,-52500.000000000044,50000.0,-2500.0000000000437
2015-04-23,1.96,129.140625,22500.00000000002,-28125.0,-5624.999999999982
2015-04-24,1.93,129.390625,22500.00000000002,-25000.0,-2499.999999999982
2015-04-27,1.94,129.3125,-7500.000000000007,7812.5,312.4999999999927
2015-04-28,2.0,128.953125,-45000.00000000004,35937.5,-9062.500000000036
2015-04-29,2.06,128.515625,-45000.00000000004,43750.0,-1250.0000000000364
2015-04-30,2.05,128.375,7500.000000000174,14062.5,21562.500000000175
2015-05-01,2.12,127.78125,-52500.00000000022,59375.0,6874.999999999782
2015-05-04,2.16,127.765625,-30000.00000000003,1562.5,-28437.50000000003
2015-05-05,2.19,127.421875,-22499.99999999985,34375.0,11875.00000000015
2015-05-06,2.25,127.09375,-45000.00000000004,32812.5,-12187.500000000036
2015-05-07,2.18,127.390625,52499.999999999876,-29687.5,22812.499999999876
2015-05-08,2.16,127.828125,15000.000000000015,-43750.0,-28749.999999999985
2015-05-11,2.28,126.890625,-89999.99999999975,93750.0,3750.0000000002474
2015-05-12,2.28,127.046875,-0.0,-15625.0,-15625.0
2015-05-13,2.27,126.984375,7499.999999999841,6250.0,13749.99999999984
2015-05-14,2.23,127.390625,30000.00000000003,-40625.0,-10624.99999999997
2015-05-15,2.14,128.03125,67499.9999999999,-64062.5,3437.499999999898
2015-05-18,2.23,127.375,-67499.9999999999,65625.0,-1874.9999999998981
2015-05-19,2.27,127.03125,-30000.00000000003,34375.0,4374.999999999971
2015-05-20,2.26,127.265625,7500.000000000174,-23437.5,-15937.499999999825
2015-05-21,2.19,127.71875,52499.999999999876,-45312.5,7187.499999999876
2015-05-22,2.21,127.28125,-15000.000000000015,43750.0,28749.999999999985
2015-05-26,2.14,127.90625,52499.999999999876,-62500.0,-10000.000000000124
2015-05-27,2.14,127.890625,-0.0,1562.5,1562.5
2015-05-28,2.13,128.03125,7500.000000000174,-14062.5,-6562.499999999826
2015-05-29,2.12,128.3125,7499.999999999841,-28125.0,-20625.00000000016
2015-06-01,2.19,127.5625,-52499.999999999876,75000.0,22500.000000000124
2015-06-02,2.27,127.0,-60000.00000000006,56250.0,-3750.000000000058
2015-06-03,2.38,126.25,-82499.99999999991,75000.0,-7499.999999999913
2015-06-04,2.31,126.703125,52499.999999999876,-45312.5,7187.499999999876
2015-06-05,2.41,125.9375,-75000.00000000007,76562.5,1562.4999999999272
2015-06-08,2.39,126.140625,15000.000000000015,-20312.5,-5312.499999999985
2015-06-09,2.42,125.90625,-22499.99999999985,23437.5,937.5000000001492
2015-06-10,2.5,125.484375,-60000.00000000006,42187.5,-17812.50000000006
2015-06-11,2.39,126.140625,82499.99999999991,-65625.0,16874.999999999913
2015-06-12,2.39,126.09375,-0.0,4687.5,4687.5
2015-06-15,2.36,126.359375,22500.00000000019,-26562.5,-4062.499999999811
2015-06-16,2.32,126.640625,30000.00000000003,-28125.0,1875.000000000029
2015-06-17,2.32,126.90625,-0.0,-26562.5,-26562.5
2015-06-29,2.33,126.203125,120000.00000000012,-118750.0,1250.0000000001164
2015-06-30,2.35,126.171875,-15000.000000000015,3125.0,-11875.000000000015
2015-07-01,2.43,125.46875,-60000.00000000006,70312.5,10312.499999999942
2015-07-02,2.4,125.875,22500.00000000019,-40625.0,-18124.99999999981
2015-07-06,2.3,126.765625,75000.00000000007,-89062.5,-14062.499999999927
2015-07-07,2.27,127.125,22499.99999999985,-35937.5,-13437.50000000015
2015-07-08,2.22,127.375,37499.99999999987,-25000.0,12499.999999999869
2015-07-09,2.32,126.671875,-74999.99999999974,70312.5,-4687.499999999738
2015-07-10,2.42,125.734375,-75000.00000000007,93750.0,18749.999999999927
2015-07-13,2.44,125.59375,-15000.000000000015,14062.5,-937.5000000000146
2015-07-14,2.41,125.9375,22499.99999999985,-34375.0,-11875.00000000015
2015-07-15,2.36,126.34375,37500.0000000002,-40625.0,-3124.9999999998035
2015-07-16,2.36,126.171875,-0.0,17187.5,17187.5
2015-07-17,2.34,126.125,15000.000000000015,4687.5,19687.500000000015
2015-07-20,2.38,125.890625,-30000.00000000003,23437.5,-6562.500000000029
2015-07-21,2.35,126.203125,22499.99999999985,-31250.0,-8750.00000000015
2015-07-22,2.33,126.3125,15000.000000000015,-10937.5,4062.5000000000146
2015-07-23,2.28,126.609375,37500.0000000002,-29687.5,7812.500000000196
2015-07-24,2.27,126.71875,7499.999999999841,-10937.5,-3437.500000000159
2015-07-27,2.23,127.15625,30000.00000000003,-43750.0,-13749.99999999997
2015-07-28,2.26,127.0,-22499.99999999985,15625.0,-6874.999999999851
2015-07-29,2.29,126.8125,-22500.00000000019,18750.0,-3750.000000000189
2015-07-30,2.28,126.84375,7500.000000000174,-3125.0,4375.000000000174
2015-07-31,2.2,127.4375,59999.999999999716,-59375.0,624.9999999997162
2015-08-03,2.16,127.828125,30000.00000000003,-39062.5,-9062.49999999997
2015-08-04,2.23,127.265625,-52499.999999999876,56250.0,3750.0000000001237
2015-08-05,2.28,126.75,-37499.99999999987,51562.5,14062.500000000131
2015-08-06,2.23,127.015625,37499.99999999987,-26562.5,10937.499999999869
2015-08-07,2.18,127.453125,37499.99999999987,-43750.0,-6250.000000000131
2015-08-10,2.24,127.015625,-45000.00000000004,43750.0,-1250.0000000000364
2015-08-11,2.15,127.859375,67500.00000000023,-84375.0,-16874.999999999767
2015-08-12,2.14,127.96875,7499.999999999841,-10937.5,-3437.500000000159
2015-08-13,2.19,127.484375,-37499.99999999987,48437.5,10937.500000000131
2015-08-14,2.2,127.359375,-7500.000000000174,12500.0,4999.999999999826
2015-08-17,2.16,127.765625,30000.00000000003,-40625.0,-10624.99999999997
2015-08-18,2.2,127.453125,-30000.00000000003,31250.0,1249.999999999971
2015-08-19,2.12,128.09375,60000.00000000006,-64062.5,-4062.499999999942
2015-08-20,2.09,128.328125,22500.00000000019,-23437.5,-937.4999999998108
2015-08-21,2.05,128.671875,30000.00000000003,-34375.0,-4374.999999999971
2015-08-24,2.01,129.203125,30000.00000000003,-53125.0,-23124.99999999997
2015-08-25,2.12,128.0625,-82500.00000000023,114062.5,31562.499999999767
2015-08-26,2.18,127.9375,-45000.00000000004,12500.0,-32500.000000000036
2015-08-27,2.18,127.953125,-0.0,-1562.5,-1562.5
2015-08-28,2.19,127.78125,-7499.999999999841,17187.5,9687.50000000016
2015-08-31,2.21,127.640625,-15000.000000000015,14062.5,-937.5000000000146
2015-09-01,2.17,127.875,30000.00000000003,-23437.5,6562.500000000029
2015-09-02,2.2,127.734375,-22500.00000000019,14062.5,-8437.50000000019
2015-09-03,2.18,127.953125,15000.000000000015,-21875.0,-6874.999999999985
2015-09-04,2.13,128.296875,37500.0000000002,-34375.0,3125.0000000001965
2015-09-08,2.2,127.828125,-52500.00000000022,46875.0,-5625.000000000218
2015-09-09,2.21,128.0,-7499.999999999841,-17187.5,-24687.49999999984
2015-09-10,2.23,127.734375,-15000.000000000015,26562.5,11562.499999999985
2015-09-11,2.2,128.109375,22499.99999999985,-37500.0,-15000.00000000015
2015-09-14,2.18,128.125,15000.000000000015,-1562.5,13437.500000000015
2015-09-15,2.28,126.703125,-74999.99999999974,142187.5,67187.50000000026
2015-09-16,2.3,126.515625,-15000.000000000015,18750.0,3749.9999999999854
2015-09-17,2.21,127.296875,67499.9999999999,-78125.0,-10625.000000000102
2015-09-28,2.1,128.4375,52499.999999999876,-59375.0,-6875.000000000124
2015-09-29,2.05,128.8125,37500.0000000002,-37500.0,1.964508555829525e-10
2015-09-30,2.06,128.734375,-7500.000000000174,7812.5,312.4999999998263
2015-10-01,2.05,128.75,7500.000000000174,-1562.5,5937.500000000174
2015-10-02,1.99,129.34375,44999.999999999876,-59375.0,-14375.000000000124
2015-10-05,2.07,128.828125,-59999.99999999988,51562.5,-8437.499999999884
2015-10-06,2.05,129.03125,15000.000000000015,-20312.5,-5312.499999999985
2015-10-07,2.08,128.8125,-22500.00000000019,21875.0,-625.0000000001892
2015-10-08,2.12,128.46875,-30000.00000000003,34375.0,4374.999999999971
2015-10-09,2.12,128.484375,-0.0,-1562.5,-1562.5
2015-10-13,2.06,128.859375,45000.00000000004,-37500.0,7500.000000000036
2015-10-14,1.99,129.546875,52500.000000000044,-68750.0,-16249.999999999956
2015-10-15,2.04,129.125,-37500.00000000004,42187.5,4687.499999999964
2015-10-16,2.04,129.03125,-0.0,9375.0,9375.0
2015-10-19,2.04,128.96875,-0.0,6250.0,6250.0
2015-10-20,2.08,128.5625,-30000.00000000003,40625.0,10624.99999999997
2015-10-21,2.04,128.875,30000.00000000003,-31250.0,-1249.999999999971
2015-10-22,2.04,128.9375,-0.0,-6250.0,-6250.0
2015-10-23,2.09,128.421875,-37499.99999999987,51562.5,14062.500000000131
2015-10-26,2.07,128.59375,15000.000000000015,-17187.5,-2187.4999999999854
2015-10-27,2.05,128.921875,15000.000000000015,-32812.5,-17812.499999999985
2015-10-28,2.1,128.203125,-37500.0000000002,71875.0,34374.9999999998
2015-10-29,2.19,127.609375,-67499.9999999999,59375.0,-8124.999999999898
2015-10-30,2.16,127.6875,22499.99999999985,-7812.5,14687.49999999985
2015-11-02,2.2,127.375,-30000.00000000003,31250.0,1249.999999999971
2015-11-03,2.23,127.109375,-22499.99999999985,26562.5,4062.500000000149
2015-11-04,2.25,126.921875,-15000.000000000015,18750.0,3749.9999999999854
2015-11-05,2.26,126.828125,-7499.999999999841,9375.0,1875.0000000001592
2015-11-06,2.34,126.046875,-60000.00000000006,78125.0,18124.99999999994
2015-11-09,2.36,126.03125,-15000.000000000015,1562.5,-13437.500000000015
2015-11-10,2.32,126.296875,30000.00000000003,-26562.5,3437.500000000029
2015-11-12,2.32,126.203125,-0.0,9375.0,9375.0
2015-11-13,2.28,126.53125,30000.00000000003,-32812.5,-2812.499999999971
2015-11-16,2.27,126.671875,7499.999999999841,-14062.5,-6562.500000000159
2015-11-17,2.25,126.734375,15000.000000000015,-6250.0,8750.000000000015
2015-11-18,2.27,126.65625,-15000.000000000015,7812.5,-7187.500000000015
2015-11-19,2.24,126.78125,22499.99999999985,-12500.0,9999.99999999985
2015-11-20,2.26,126.671875,-14999.999999999682,10937.5,-4062.4999999996817
2015-11-23,2.25,126.8125,7499.999999999841,-14062.5,-6562.500000000159
2015-11-24,2.24,126.90625,7499.999999999841,-9375.0,-1875.0000000001592
2015-11-25,2.23,126.984375,7500.000000000174,-7812.5,-312.4999999998263
2015-11-27,2.22,127.078125,7499.999999999841,-9375.0,-1875.0000000001592
2015-11-30,2.21,127.015625,7500.000000000174,6250.0,13750.000000000175
2015-12-01,2.15,127.515625,45000.00000000004,-50000.0,-4999.999999999964
2015-12-02,2.18,127.296875,-22500.00000000019,21875.0,-625.0000000001892
2015-12-03,2.33,126.1875,-112499.99999999993,110937.5,-1562.4999999999272
2015-12-04,2.28,126.546875,37500.0000000002,-35937.5,1562.5000000001965
2015-12-07,2.23,126.9375,37499.99999999987,-39062.5,-1562.500000000131
2015-12-08,2.24,126.921875,-7500.000000000174,1562.5,-5937.500000000174
2015-12-09,2.22,127.25,15000.000000000015,-32812.5,-17812.499999999985
2015-12-10,2.24,126.953125,-15000.000000000015,29687.5,14687.499999999985
2015-12-11,2.13,127.71875,82500.00000000023,-76562.5,5937.500000000233
2015-12-14,2.23,127.03125,-75000.00000000007,68750.0,-6250.000000000073
2015-12-15,2.28,126.71875,-37499.99999999987,31250.0,-6249.999999999869
2015-12-16,2.3,126.390625,-15000.000000000015,32812.5,17812.499999999985
2015-12-17,2.24,126.75,44999.9999999997,-35937.5,9062.499999999702
2015-12-28,2.24,126.265625,7499.999999999841,-9375.0,-1875.0000000001592
2015-12-29,2.32,125.65625,-59999.999999999716,60937.5,937.5000000002838
2015-12-30,2.31,125.609375,7499.999999999841,4687.5,12187.49999999984
2015-12-31,2.27,125.90625,30000.00000000003,-29687.5,312.5000000000291
2016-01-04,2.24,126.15625,22499.99999999985,-25000.0,-2500.000000000149
2016-01-05,2.25,126.25,-7499.999999999841,-9375.0,-16874.99999999984
2016-01-06,2.18,126.859375,52499.999999999876,-60937.5,-8437.500000000124
2016-01-07,2.16,127.109375,15000.000000000015,-25000.0,-9999.999999999985
2016-01-08,2.13,127.40625,22500.00000000019,-29687.5,-7187.499999999811
2016-01-11,2.17,127.359375,-30000.00000000003,4687.5,-25312.50000000003
2016-01-12,2.12,127.828125,37499.99999999987,-46875.0,-9375.000000000131
2016-01-13,2.08,128.0625,30000.00000000003,-23437.5,6562.500000000029
2016-01-14,2.1,127.828125,-15000.000000000015,23437.5,8437.499999999985
2016-01-15,2.03,128.453125,52500.00000000022,-62500.0,-9999.999999999782
2016-01-19,2.06,128.390625,-22500.00000000019,6250.0,-16250.00000000019
2016-01-20,2.01,128.875,37500.0000000002,-48437.5,-10937.499999999804
2016-01-21,2.02,128.671875,-7500.000000000174,20312.5,12812.499999999825
2016-01-22,2.07,128.375,-37499.99999999987,29687.5,-7812.499999999869
2016-01-25,2.03,128.546875,30000.00000000003,-17187.5,12812.50000000003
2016-01-26,2.01,128.8125,15000.000000000015,-26562.5,-11562.499999999985
2016-01-27,2.02,128.859375,-7500.000000000174,-4687.5,-12187.500000000175
2016-01-28,2.0,129.03125,15000.000000000015,-17187.5,-2187.4999999999854
2016-01-29,1.94,129.578125,45000.00000000004,-54687.5,-9687.499999999964
2016-02-01,1.97,129.171875,-22500.00000000002,40625.0,18124.99999999998
2016-02-02,1.87,130.09375,74999.9999999999,-92187.5,-17187.500000000102
2016-02-03,1.88,130.015625,-7499.999999999841,7812.5,312.50000000015916
2016-02-04,1.87,130.265625,7499.999999999841,-25000.0,-17500.00000000016
2016-02-05,1.86,130.359375,7500.000000000007,-9375.0,-1874.9999999999927
2016-02-08,1.75,131.296875,82500.00000000007,-93750.0,-11249.999999999927
2016-02-09,1.74,131.3125,7500.000000000007,-1562.5,5937.500000000007
2016-02-10,1.71,131.5,22500.00000000002,-18750.0,3750.000000000018
2016-02-11,1.63,132.03125,60000.00000000006,-53125.0,6875.000000000058
2016-02-12,1.74,131.0625,-82500.00000000007,96875.0,14374.999999999927
2016-02-16,1.78,130.90625,-30000.00000000003,15625.0,-14375.00000000003
2016-02-17,1.81,130.4375,-22500.00000000002,46875.0,24374.99999999998
2016-02-18,1.75,130.921875,45000.00000000004,-48437.5,-3437.4999999999636
2016-02-19,1.76,130.90625,-7500.000000000007,1562.5,-5937.500000000007
2016-02-22,1.77,130.78125,-7500.000000000007,12500.0,4999.999999999993
2016-02-23,1.74,130.9375,22500.00000000002,-15625.0,6875.000000000018
2016-02-24,1.75,131.0,-7500.000000000007,-6250.0,-13750.000000000007
2016-02-25,1.71,131.453125,30000.00000000003,-45312.5,-15312.49999999997
2016-02-26,1.76,130.75,-37500.00000000004,70312.5,32812.49999999996
2016-02-29,1.74,130.90625,15000.000000000015,-15625.0,-624.9999999999854
2016-03-01,1.83,130.0,-67500.00000000006,90625.0,23124.99999999994
2016-03-02,1.84,129.75,-7500.000000000007,25000.0,17499.999999999993
2016-03-03,1.83,129.921875,7500.000000000007,-17187.5,-9687.499999999993
2016-03-04,1.88,129.5,-37499.99999999987,42187.5,4687.500000000131
2016-03-07,1.91,129.34375,-22500.00000000002,15625.0,-6875.000000000018
2016-03-08,1.83,129.921875,59999.99999999988,-57812.5,2187.4999999998836
2016-03-09,1.9,129.484375,-52499.999999999876,43750.0,-8749.999999999876
2016-03-10,1.93,129.0625,-22500.00000000002,42187.5,19687.49999999998
2016-03-11,1.98,128.796875,-37500.00000000004,26562.5,-10937.500000000036
2016-03-14,1.97,128.875,7500.000000000007,-7812.5,-312.4999999999927
2016-03-15,1.97,128.859375,-0.0,1562.5,1562.5
2016-03-16,1.94,129.296875,22500.00000000002,-43750.0,-21249.99999999998
2016-03-17,1.91,129.5625,22500.00000000002,-26562.5,-4062.499999999982
2016-03-28,1.89,129.40625,15000.000000000015,-18750.0,-3749.9999999999854
2016-03-29,1.81,130.0,59999.99999999988,-59375.0,624.9999999998836
2016-03-30,1.83,130.015625,-15000.000000000015,-1562.5,-16562.500000000015
2016-03-31,1.78,130.390625,37500.00000000004,-37500.0,3.637978807091713e-11
2016-04-01,1.79,130.296875,-7500.000000000007,9375.0,1874.9999999999927
2016-04-04,1.78,130.46875,7500.000000000007,-17187.5,-9687.499999999993
2016-04-05,1.73,130.828125,37500.00000000004,-35937.5,1562.5000000000364
2016-04-06,1.76,130.6875,-22500.00000000002,14062.5,-8437.500000000018
2016-04-07,1.7,131.25,45000.00000000004,-56250.0,-11249.999999999964
2016-04-08,1.72,131.03125,-15000.000000000015,21875.0,6874.999999999985
2016-04-11,1.73,131.03125,-7500.000000000007,-0.0,-7500.000000000007
2016-04-12,1.79,130.546875,-45000.00000000004,48437.5,3437.4999999999636
2016-04-13,1.77,130.625,15000.000000000015,-7812.5,7187.500000000015
2016-04-14,1.8,130.375,-22500.00000000002,25000.0,2499.999999999982
2016-04-15,1.76,130.640625,30000.00000000003,-26562.5,3437.500000000029
2016-04-18,1.78,130.5,-15000.000000000015,14062.5,-937.5000000000146
2016-04-19,1.79,130.359375,-7500.000000000007,14062.5,6562.499999999993
2016-04-20,1.85,129.75,-45000.00000000004,60937.5,15937.499999999964
2016-04-21,1.88,129.609375,-22499.99999999985,14062.5,-8437.49999999985
2016-04-22,1.89,129.46875,-7500.000000000007,14062.5,6562.499999999993
2016-04-25,1.91,129.375,-15000.000000000015,9375.0,-5625.000000000015
2016-04-26,1.94,129.171875,-22500.00000000002,20312.5,-2187.500000000018
2016-04-27,1.87,129.78125,52499.999999999876,-60937.5,-8437.500000000124
2016-04-28,1.84,129.953125,22500.00000000002,-17187.5,5312.500000000018
2016-04-29,1.83,130.0625,7500.000000000007,-10937.5,-3437.4999999999927
2016-05-02,1.88,129.703125,-37499.99999999987,35937.5,-1562.499999999869
2016-05-03,1.81,130.296875,52499.999999999876,-59375.0,-6875.000000000124
2016-05-04,1.79,130.4375,15000.000000000015,-14062.5,937.5000000000146
2016-05-05,1.76,130.734375,22500.00000000002,-29687.5,-7187.499999999982
2016-05-06,1.79,130.53125,-22500.00000000002,20312.5,-2187.500000000018
2016-05-09,1.77,130.796875,15000.000000000015,-26562.5,-11562.499999999985
2016-05-10,1.77,130.78125,-0.0,1562.5,1562.5
2016-05-11,1.73,130.90625,30000.00000000003,-12500.0,17500.00000000003
2016-05-12,1.75,130.59375,-15000.000000000015,31250.0,16249.999999999985
2016-05-13,1.71,130.96875,30000.00000000003,-37500.0,-7499.999999999971
2016-05-16,1.75,130.515625,-30000.00000000003,45312.5,15312.49999999997
2016-05-17,1.76,130.40625,-7500.000000000007,10937.5,3437.4999999999927
2016-05-18,1.87,129.375,-82500.00000000007,103125.0,20624.999999999927
2016-05-19,1.85,129.671875,15000.000000000015,-29687.5,-14687.499999999985
2016-05-20,1.85,129.703125,-0.0,-3125.0,-3125.0
2016-05-23,1.84,129.75,7500.000000000007,-4687.5,2812.5000000000073
2016-05-24,1.86,129.5625,-15000.000000000015,18750.0,3749.9999999999854
2016-05-25,1.87,129.46875,-7500.000000000007,9375.0,1874.9999999999927
2016-05-26,1.83,129.890625,30000.00000000003,-42187.5,-12187.49999999997
2016-05-27,1.85,129.796875,-15000.000000000015,9375.0,-5625.000000000015
2016-05-31,1.84,129.796875,7500.000000000007,-0.0,7500.000000000007
2016-06-01,1.85,129.640625,-7500.000000000007,15625.0,8124.999999999993
2016-06-02,1.81,129.921875,30000.00000000003,-28125.0,1875.000000000029
2016-06-03,1.71,130.953125,75000.00000000007,-103125.0,-28124.999999999927
2016-06-06,1.73,130.859375,-15000.000000000015,9375.0,-5625.000000000015
2016-06-07,1.72,130.9375,7500.000000000007,-7812.5,-312.4999999999927
2016-06-08,1.71,130.890625,7500.000000000007,4687.5,12187.500000000007
2016-06-09,1.68,131.078125,22500.00000000002,-18750.0,3750.000000000018
2016-06-10,1.64,131.453125,30000.00000000003,-37500.0,-7499.999999999971
2016-06-13,1.62,131.6875,14999.999999999847,-23437.5,-8437.500000000153
2016-06-14,1.62,131.71875,-0.0,-3125.0,-3125.0
2016-06-15,1.6,131.984375,15000.000000000015,-26562.5,-11562.499999999985
2016-06-16,1.57,132.15625,22500.00000000002,-17187.5,5312.500000000018
2016-06-17,1.62,131.765625,-37500.00000000004,39062.5,1562.4999999999636
2016-06-27,1.46,133.28125,82500.00000000007,-90625.0,-8124.999999999927
2016-06-28,1.46,133.25,-0.0,3125.0,3125.0
2016-06-29,1.5,133.0625,-30000.00000000003,18750.0,-11250.00000000003
2016-06-30,1.49,132.984375,7500.000000000007,7812.5,15312.500000000007
2016-07-01,1.46,133.078125,22500.00000000002,-9375.0,13125.000000000018
2016-07-05,1.37,133.890625,67499.9999999999,-81250.0,-13750.000000000102
2016-07-06,1.38,133.671875,-7499.999999999841,21875.0,14375.00000000016
2016-07-07,1.4,133.6875,-15000.000000000015,-1562.5,-16562.500000000015
2016-07-08,1.37,133.796875,22499.99999999985,-10937.5,11562.49999999985
2016-07-11,1.43,133.15625,-44999.999999999876,64062.5,19062.500000000124
2016-07-12,1.53,132.515625,-75000.00000000007,64062.5,-10937.500000000073
2016-07-13,1.48,132.828125,37500.00000000004,-31250.0,6250.000000000036
2016-07-14,1.53,132.390625,-37500.00000000004,43750.0,6249.999999999964
2016-07-15,1.6,131.875,-52500.000000000044,51562.5,-937.5000000000437
2016-07-18,1.59,132.03125,7500.000000000007,-15625.0,-8124.999999999993
2016-07-19,1.56,132.234375,22500.00000000002,-20312.5,2187.500000000018
2016-07-20,1.59,131.984375,-22500.00000000002,25000.0,2499.999999999982
2016-07-21,1.57,132.234375,15000.000000000015,-25000.0,-9999.999999999985
2016-07-22,1.57,132.125,-0.0,10937.5,10937.5
2016-07-25,1.58,132.0625,-7500.000000000007,6250.0,-1250.0000000000073
2016-07-26,1.57,132.125,7500.000000000007,-6250.0,1250.0000000000073
2016-07-27,1.52,132.546875,37500.00000000004,-42187.5,-4687.499999999964
2016-07-28,1.52,132.5625,-0.0,-1562.5,-1562.5
2016-07-29,1.46,133.046875,45000.00000000004,-48437.5,-3437.4999999999636
2016-08-01,1.51,132.796875,-37500.00000000004,25000.0,-12500.000000000036
2016-08-02,1.55,132.546875,-30000.00000000003,25000.0,-5000.000000000029
2016-08-03,1.55,132.578125,-0.0,-3125.0,-3125.0
2016-08-04,1.51,132.953125,30000.00000000003,-37500.0,-7499.999999999971
2016-08-05,1.59,132.140625,-60000.00000000006,81250.0,21249.99999999994
2016-08-08,1.59,132.046875,-0.0,9375.0,9375.0
2016-08-09,1.55,132.34375,30000.00000000003,-29687.5,312.5000000000291
2016-08-10,1.5,132.734375,37500.00000000004,-39062.5,-1562.4999999999636
2016-08-11,1.57,132.046875,-52500.000000000044,68750.0,16249.999999999956
2016-08-12,1.51,132.53125,45000.00000000004,-48437.5,-3437.4999999999636
2016-08-15,1.55,132.25,-30000.00000000003,28125.0,-1875.000000000029
2016-08-16,1.57,132.0,-15000.000000000015,25000.0,9999.999999999985
2016-08-17,1.56,132.109375,7500.000000000007,-10937.5,-3437.4999999999927
2016-08-18,1.53,132.375,22500.00000000002,-26562.5,-4062.499999999982
2016-08-19,1.58,131.953125,-37500.00000000004,42187.5,4687.499999999964
2016-08-22,1.55,132.28125,22500.00000000002,-32812.5,-10312.499999999982
2016-08-23,1.55,132.21875,-0.0,6250.0,6250.0
2016-08-24,1.56,132.21875,-7500.000000000007,-0.0,-7500.000000000007
2016-08-25,1.58,132.0625,-15000.000000000015,15625.0,624.9999999999854
2016-08-26,1.62,131.375,-30000.00000000003,68750.0,38749.99999999997
2016-08-29,1.57,131.953125,37500.00000000004,-57812.5,-20312.499999999964
2016-08-30,1.57,131.890625,-0.0,6250.0,6250.0
2016-08-31,1.58,131.875,-7500.000000000007,1562.5,-5937.500000000007
2016-09-01,1.57,131.890625,7500.000000000007,-1562.5,5937.500000000007
2016-09-02,1.6,131.71875,-22500.00000000002,17187.5,-5312.500000000018
2016-09-06,1.55,132.296875,37500.00000000004,-57812.5,-20312.499999999964
2016-09-07,1.54,132.296875,7500.000000000007,-0.0,7500.000000000007
2016-09-08,1.61,131.671875,-52500.000000000044,62500.0,9999.999999999956
2016-09-09,1.67,131.3125,-44999.999999999876,35937.5,-9062.499999999876
2016-09-12,1.68,131.453125,-7500.000000000007,-14062.5,-21562.500000000007
2016-09-13,1.73,130.96875,-37500.00000000004,48437.5,10937.499999999964
2016-09-14,1.7,131.4375,22500.00000000002,-46875.0,-24374.99999999998
2016-09-15,1.71,131.453125,-7500.000000000007,-1562.5,-9062.500000000007
2016-09-16,1.7,131.40625,7500.000000000007,4687.5,12187.500000000007
2016-09-27,1.56,131.53125,22500.00000000002,-21875.0,625.0000000000182
2016-09-28,1.57,131.4375,-7500.000000000007,9375.0,1874.9999999999927
2016-09-29,1.56,131.546875,7500.000000000007,-10937.5,-3437.4999999999927
2016-09-30,1.6,131.125,-30000.00000000003,42187.5,12187.49999999997
2016-10-03,1.63,130.953125,-22499.99999999985,17187.5,-5312.499999999851
2016-10-04,1.69,130.5,-45000.00000000004,45312.5,312.4999999999636
2016-10-05,1.72,130.21875,-22500.00000000002,28125.0,5624.999999999982
2016-10-06,1.75,129.953125,-22500.00000000002,26562.5,4062.499999999982
2016-10-07,1.73,130.0625,15000.000000000015,-10937.5,4062.5000000000146
2016-10-11,1.77,129.890625,-30000.00000000003,17187.5,-12812.50000000003
2016-10-12,1.79,129.8125,-15000.000000000015,7812.5,-7187.500000000015
2016-10-13,1.75,130.1875,30000.00000000003,-37500.0,-7499.999999999971
2016-10-14,1.8,129.859375,-37500.00000000004,32812.5,-4687.500000000036
2016-10-17,1.77,130.125,22500.00000000002,-26562.5,-4062.499999999982
2016-10-18,1.75,130.296875,15000.000000000015,-17187.5,-2187.4999999999854
2016-10-19,1.76,130.265625,-7500.000000000007,3125.0,-4375.000000000007
2016-10-20,1.76,130.28125,-0.0,-1562.5,-1562.5
2016-10-21,1.74,130.34375,15000.000000000015,-6250.0,8750.000000000015
2016-10-24,1.77,130.171875,-22500.00000000002,17187.5,-5312.500000000018
2016-10-25,1.77,130.171875,-0.0,-0.0,-0.0
2016-10-26,1.79,129.9375,-15000.000000000015,23437.5,8437.499999999985
2016-10-27,1.85,129.515625,-45000.00000000004,42187.5,-2812.5000000000364
2016-10-28,1.86,129.546875,-7500.000000000007,-3125.0,-10625.000000000007
2016-10-31,1.84,129.625,15000.000000000015,-7812.5,7187.500000000015
2016-11-01,1.83,129.796875,7500.000000000007,-17187.5,-9687.499999999993
2016-11-02,1.81,130.03125,15000.000000000015,-23437.5,-8437.499999999985
2016-11-03,1.82,130.03125,-7500.000000000007,-0.0,-7500.000000000007
2016-11-04,1.79,130.25,22500.00000000002,-21875.0,625.0000000000182
2016-11-07,1.83,129.84375,-30000.00000000003,40625.0,10624.99999999997
2016-11-08,1.88,129.5,-37499.99999999987,34375.0,-3124.999999999869
2016-11-09,2.07,128.03125,-142499.99999999994,146875.0,4375.000000000058
2016-11-10,2.15,127.5625,-60000.00000000006,46875.0,-13125.000000000058
2016-11-14,2.23,126.65625,-60000.00000000006,90625.0,30624.99999999994
2016-11-15,2.23,126.421875,-0.0,23437.5,23437.5
2016-11-16,2.22,126.46875,7499.999999999841,-4687.5,2812.499999999841
2016-11-17,2.29,126.078125,-52499.999999999876,39062.5,-13437.499999999876
2016-11-18,2.34,125.5625,-37499.99999999987,51562.5,14062.500000000131
2016-11-21,2.33,125.546875,7499.999999999841,1562.5,9062.49999999984
2016-11-22,2.31,125.703125,15000.000000000015,-15625.0,-624.9999999999854
2016-11-23,2.36,125.359375,-37499.99999999987,34375.0,-3124.999999999869
2016-11-25,2.36,125.203125,-0.0,15625.0,15625.0
2016-11-28,2.32,125.640625,30000.00000000003,-43750.0,-13749.99999999997
2016-11-29,2.3,125.765625,15000.000000000015,-12500.0,2500.0000000000146
2016-11-30,2.37,125.234375,-52500.00000000022,53125.0,624.9999999997817
2016-12-01,2.45,124.734375,-60000.00000000006,50000.0,-10000.000000000058
2016-12-02,2.4,125.234375,37500.0000000002,-50000.0,-12499.999999999804
2016-12-05,2.39,125.1875,7499.999999999841,4687.5,12187.49999999984
2016-12-06,2.39,125.203125,-0.0,-1562.5,-1562.5
2016-12-07,2.34,125.546875,37500.0000000002,-34375.0,3125.0000000001965
2016-12-08,2.4,125.28125,-45000.00000000004,26562.5,-18437.500000000036
2016-12-09,2.47,124.796875,-52500.00000000022,48437.5,-4062.5000000002183
2016-12-12,2.49,124.765625,-15000.000000000015,3125.0,-11875.000000000015
2016-12-13,2.48,124.671875,7500.000000000174,9375.0,16875.000000000175
2016-12-14,2.54,124.15625,-45000.00000000004,51562.5,6562.499999999964
2016-12-15,2.6,123.703125,-45000.00000000004,45312.5,312.4999999999636
2016-12-16,2.6,123.609375,-0.0,9375.0,9375.0
2016-12-27,2.57,123.203125,-15000.000000000015,15625.0,624.9999999999854
2016-12-28,2.51,123.640625,45000.00000000004,-43750.0,1250.0000000000364
2016-12-29,2.49,123.9375,14999.999999999682,-29687.5,-14687.500000000318
2016-12-30,2.45,124.28125,30000.00000000003,-34375.0,-4374.999999999971
2017-01-03,2.45,124.109375,-0.0,17187.5,17187.5
2017-01-04,2.46,124.109375,-7499.999999999841,-0.0,-7499.999999999841
2017-01-05,2.37,124.828125,67499.9999999999,-71875.0,-4375.000000000102
2017-01-06,2.42,124.40625,-37499.99999999987,42187.5,4687.500000000131
2017-01-09,2.38,124.78125,30000.00000000003,-37500.0,-7499.999999999971
2017-01-10,2.38,124.765625,-0.0,1562.5,1562.5
2017-01-11,2.38,124.8125,-0.0,-4687.5,-4687.5
2017-01-12,2.36,124.890625,15000.000000000015,-7812.5,7187.500000000015
2017-01-13,2.4,124.78125,-30000.00000000003,10937.5,-19062.50000000003
2017-01-17,2.33,125.234375,52499.999999999876,-45312.5,7187.499999999876
2017-01-18,2.42,124.71875,-67499.9999999999,51562.5,-15937.499999999898
2017-01-19,2.47,124.171875,-37500.0000000002,54687.5,17187.499999999804
2017-01-20,2.48,124.21875,-7499.999999999841,-4687.5,-12187.49999999984
2017-01-23,2.41,124.8125,52499.999999999876,-59375.0,-6875.000000000124
2017-01-24,2.47,124.21875,-45000.00000000004,59375.0,14374.999999999964
2017-01-25,2.53,123.8125,-44999.9999999997,40625.0,-4374.999999999702
2017-01-26,2.51,123.96875,15000.000000000015,-15625.0,-624.9999999999854
2017-01-27,2.49,124.171875,14999.999999999682,-20312.5,-5312.500000000318
2017-01-30,2.49,124.21875,-0.0,-4687.5,-4687.5
2017-01-31,2.45,124.46875,30000.00000000003,-25000.0,5000.000000000029
2017-02-01,2.48,124.328125,-22499.99999999985,14062.5,-8437.49999999985
2017-02-02,2.48,124.375,-0.0,-4687.5,-4687.5
2017-02-03,2.49,124.28125,-7500.000000000174,9375.0,1874.9999999998263
2017-02-06,2.42,124.9375,52500.00000000022,-65625.0,-13124.999999999782
2017-02-07,2.4,125.109375,15000.000000000015,-17187.5,-2187.4999999999854
2017-02-08,2.34,125.359375,45000.00000000004,-25000.0,20000.000000000036
2017-02-09,2.4,124.921875,-45000.00000000004,43750.0,-1250.0000000000364
2017-02-10,2.41,124.78125,-7500.000000000174,14062.5,6562.499999999826
2017-02-13,2.43,124.59375,-15000.000000000015,18750.0,3749.9999999999854
2017-02-14,2.47,124.234375,-30000.00000000003,35937.5,5937.499999999971
2017-02-15,2.51,123.96875,-29999.999999999694,26562.5,-3437.4999999996944
2017-02-16,2.45,124.453125,44999.9999999997,-48437.5,-3437.5000000002983
2017-02-17,2.42,124.703125,22500.00000000019,-25000.0,-2499.999999999811
2017-02-21,2.43,124.703125,-7500.000000000174,-0.0,-7500.000000000174
2017-02-22,2.42,124.765625,7500.000000000174,-6250.0,1250.0000000001737
2017-02-23,2.38,125.046875,30000.00000000003,-28125.0,1875.000000000029
2017-02-24,2.31,125.609375,52499.999999999876,-56250.0,-3750.0000000001237
2017-02-27,2.36,125.140625,-37499.99999999987,46875.0,9375.000000000131
2017-02-28,2.36,125.109375,-0.0,3125.0,3125.0
2017-03-01,2.46,124.28125,-75000.00000000007,82812.5,7812.499999999927
2017-03-02,2.49,124.078125,-22500.00000000019,20312.5,-2187.500000000189
2017-03-03,2.49,124.171875,-0.0,-9375.0,-9375.0
2017-03-06,2.49,124.1875,-0.0,-1562.5,-1562.5
2017-03-07,2.52,124.046875,-22499.99999999985,14062.5,-8437.49999999985
2017-03-08,2.57,123.765625,-37499.99999999987,28125.0,-9374.999999999869
2017-03-09,2.6,123.46875,-22500.00000000019,29687.5,7187.499999999811
2017-03-10,2.58,123.65625,15000.000000000015,-18750.0,-3749.9999999999854
2017-03-13,2.62,123.46875,-30000.00000000003,18750.0,-11250.00000000003
2017-03-14,2.6,123.5625,15000.000000000015,-9375.0,5625.000000000015
2017-03-15,2.51,124.390625,67500.00000000023,-82812.5,-15312.499999999767
2017-03-16,2.53,124.234375,-15000.000000000015,15625.0,624.9999999999854
2017-03-17,2.5,124.390625,22499.99999999985,-15625.0,6874.999999999851
2017-03-27,2.38,124.671875,15000.000000000015,-14062.5,937.5000000000146
2017-03-28,2.42,124.359375,-30000.00000000003,31250.0,1249.999999999971
2017-03-29,2.39,124.578125,22499.99999999985,-21875.0,624.9999999998508
2017-03-30,2.42,124.34375,-22499.99999999985,23437.5,937.5000000001492
2017-03-31,2.4,124.5625,15000.000000000015,-21875.0,-6874.999999999985
2017-04-03,2.35,125.03125,37499.99999999987,-46875.0,-9375.000000000131
2017-04-04,2.36,125.03125,-7499.999999999841,-0.0,-7499.999999999841
2017-04-05,2.34,125.046875,15000.000000000015,-1562.5,13437.500000000015
2017-04-06,2.34,125.125,-0.0,-7812.5,-7812.5
2017-04-07,2.38,124.8125,-30000.00000000003,31250.0,1249.999999999971
2017-04-10,2.37,124.90625,7499.999999999841,-9375.0,-1875.0000000001592
2017-04-11,2.32,125.484375,37500.0000000002,-57812.5,-20312.499999999804
2017-04-12,2.28,125.46875,30000.00000000003,1562.5,31562.50000000003
2017-04-13,2.24,126.078125,29999.999999999694,-60937.5,-30937.500000000306
2017-04-17,2.26,125.90625,-14999.999999999682,17187.5,2187.5000000003183
2017-04-18,2.18,126.515625,59999.999999999716,-60937.5,-937.5000000002838
2017-04-19,2.21,126.28125,-22499.99999999985,23437.5,937.5000000001492
2017-04-20,2.24,125.953125,-22500.00000000019,32812.5,10312.49999999981
2017-04-21,2.24,126.0625,-0.0,-10937.5,-10937.5
2017-04-24,2.28,125.796875,-29999.999999999694,26562.5,-3437.4999999996944
2017-04-25,2.35,125.40625,-52500.00000000022,39062.5,-13437.500000000218
2017-04-26,2.32,125.5625,22500.00000000019,-15625.0,6875.000000000189
2017-04-27,2.3,125.640625,15000.000000000015,-7812.5,7187.500000000015
2017-04-28,2.29,125.71875,7499.999999999841,-7812.5,-312.50000000015916
2017-05-01,2.33,125.46875,-30000.00000000003,25000.0,-5000.000000000029
2017-05-02,2.29,125.703125,30000.00000000003,-23437.5,6562.500000000029
2017-05-03,2.33,125.546875,-30000.00000000003,15625.0,-14375.00000000003
2017-05-04,2.36,125.171875,-22499.99999999985,37500.0,15000.00000000015
2017-05-05,2.36,125.21875,-0.0,-4687.5,-4687.5
2017-05-08,2.39,125.0625,-22500.00000000019,15625.0,-6875.000000000189
2017-05-09,2.42,124.828125,-22499.99999999985,23437.5,937.5000000001492
2017-05-10,2.41,124.8125,7499.999999999841,1562.5,9062.49999999984
2017-05-11,2.39,124.921875,15000.000000000015,-10937.5,4062.5000000000146
2017-05-12,2.33,125.46875,45000.00000000004,-54687.5,-9687.499999999964
2017-05-15,2.34,125.453125,-7499.999999999841,1562.5,-5937.499999999841
2017-05-16,2.33,125.546875,7499.999999999841,-9375.0,-1875.0000000001592
2017-05-17,2.22,126.421875,82499.99999999991,-87500.0,-5000.000000000087
2017-05-18,2.23,126.28125,-7499.999999999841,14062.5,6562.500000000159
2017-05-19,2.23,126.1875,-0.0,9375.0,9375.0
2017-05-22,2.25,126.125,-15000.000000000015,6250.0,-8750.000000000015
2017-05-23,2.29,125.859375,-30000.00000000003,26562.5,-3437.500000000029
2017-05-24,2.26,126.0625,22500.00000000019,-20312.5,2187.500000000189
2017-05-25,2.25,126.171875,7499.999999999841,-10937.5,-3437.500000000159
2017-05-26,2.25,126.1875,-0.0,-1562.5,-1562.5
2017-05-30,2.21,126.4375,30000.00000000003,-25000.0,5000.000000000029
2017-05-31,2.21,126.5625,-0.0,-12500.0,-12500.0
2017-06-01,2.21,126.453125,-0.0,10937.5,10937.5
2017-06-02,2.15,126.890625,45000.00000000004,-43750.0,1250.0000000000364
2017-06-05,2.18,126.734375,-22500.00000000019,15625.0,-6875.000000000189
2017-06-06,2.14,127.015625,30000.00000000003,-28125.0,1875.000000000029
2017-06-07,2.18,126.78125,-30000.00000000003,23437.5,-6562.500000000029
2017-06-08,2.19,126.703125,-7499.999999999841,7812.5,312.50000000015916
2017-06-09,2.21,126.65625,-15000.000000000015,4687.5,-10312.500000000015
2017-06-12,2.21,126.5625,-0.0,9375.0,9375.0
2017-06-13,2.21,126.609375,-0.0,-4687.5,-4687.5
2017-06-14,2.15,127.109375,45000.00000000004,-50000.0,-4999.999999999964
2017-06-15,2.16,126.84375,-7500.000000000174,26562.5,19062.499999999825
2017-06-16,2.16,126.921875,-0.0,-7812.5,-7812.5
2017-06-27,2.21,126.28125,-52499.999999999876,50000.0,-2499.9999999998763
2017-06-28,2.22,126.203125,-7500.000000000174,7812.5,312.4999999998263
2017-06-29,2.27,125.8125,-37499.99999999987,39062.5,1562.500000000131
2017-06-30,2.31,125.53125,-30000.00000000003,28125.0,-1875.000000000029
2017-07-03,2.35,125.109375,-30000.00000000003,42187.5,12187.49999999997
2017-07-05,2.33,125.21875,15000.000000000015,-10937.5,4062.5000000000146
2017-07-06,2.37,124.984375,-30000.00000000003,23437.5,-6562.500000000029
2017-07-07,2.39,124.84375,-15000.000000000015,14062.5,-937.5000000000146
2017-07-10,2.38,125.078125,7500.000000000174,-23437.5,-15937.499999999825
2017-07-11,2.37,125.171875,7499.999999999841,-9375.0,-1875.0000000001592
2017-07-12,2.33,125.515625,30000.00000000003,-34375.0,-4374.999999999971
2017-07-13,2.35,125.40625,-15000.000000000015,10937.5,-4062.5000000000146
2017-07-14,2.33,125.671875,15000.000000000015,-26562.5,-11562.499999999985
2017-07-17,2.31,125.75,15000.000000000015,-7812.5,7187.500000000015
2017-07-18,2.27,126.109375,30000.00000000003,-35937.5,-5937.499999999971
2017-07-19,2.27,126.046875,-0.0,6250.0,6250.0
2017-07-20,2.27,126.0625,-0.0,-1562.5,-1562.5
2017-07-21,2.24,126.3125,22499.99999999985,-25000.0,-2500.000000000149
2017-07-24,2.26,126.15625,-14999.999999999682,15625.0,625.0000000003183
2017-07-25,2.33,125.578125,-52500.00000000022,57812.5,5312.499999999782
2017-07-26,2.29,126.015625,30000.00000000003,-43750.0,-13749.99999999997
2017-07-27,2.32,125.828125,-22499.99999999985,18750.0,-3749.999999999851
2017-07-28,2.3,125.953125,15000.000000000015,-12500.0,2500.0000000000146
2017-07-31,2.3,125.890625,-0.0,6250.0,6250.0
2017-08-01,2.26,126.234375,30000.00000000003,-34375.0,-4374.999999999971
2017-08-02,2.27,126.109375,-7500.000000000174,12500.0,4999.999999999826
2017-08-03,2.24,126.359375,22499.99999999985,-25000.0,-2500.000000000149
2017-08-04,2.27,126.078125,-22499.99999999985,28125.0,5625.000000000149
2017-08-07,2.26,126.171875,7500.000000000174,-9375.0,-1874.9999999998263
2017-08-08,2.29,126.015625,-22500.00000000019,15625.0,-6875.000000000189
2017-08-09,2.24,126.34375,37499.99999999987,-32812.5,4687.499999999869
2017-08-10,2.2,126.5625,30000.00000000003,-21875.0,8125.000000000029
2017-08-11,2.19,126.8125,7500.000000000174,-25000.0,-17499.999999999825
2017-08-14,2.22,126.546875,-22500.00000000019,26562.5,4062.499999999811
2017-08-15,2.27,126.15625,-37499.99999999987,39062.5,1562.500000000131
2017-08-16,2.23,126.515625,30000.00000000003,-35937.5,-5937.499999999971
2017-08-17,2.19,126.71875,30000.00000000003,-20312.5,9687.50000000003
2017-08-18,2.19,126.75,-0.0,-3125.0,-3125.0
2017-08-21,2.18,126.84375,7499.999999999841,-9375.0,-1875.0000000001592
2017-08-22,2.22,126.5625,-30000.00000000003,28125.0,-1875.000000000029
2017-08-23,2.17,126.921875,37500.0000000002,-35937.5,1562.5000000001965
2017-08-24,2.19,126.6875,-15000.000000000015,23437.5,8437.499999999985
2017-08-25,2.17,126.875,15000.000000000015,-18750.0,-3749.9999999999854
2017-08-28,2.16,127.0,7499.999999999841,-12500.0,-5000.000000000159
2017-08-29,2.13,127.1875,22500.00000000019,-18750.0,3750.000000000189
2017-08-30,2.15,127.078125,-15000.000000000015,10937.5,-4062.5000000000146
2017-08-31,2.12,127.25,22499.99999999985,-17187.5,5312.499999999851
2017-09-01,2.16,126.953125,-30000.00000000003,29687.5,-312.5000000000291
2017-09-05,2.07,127.671875,67500.00000000023,-71875.0,-4374.999999999767
2017-09-06,2.1,127.34375,-22500.00000000019,32812.5,10312.49999999981
2017-09-07,2.05,127.765625,37500.0000000002,-42187.5,-4687.499999999804
2017-09-08,2.06,127.75,-7500.000000000174,1562.5,-5937.500000000174
2017-09-11,2.14,127.25,-60000.00000000006,50000.0,-10000.000000000058
2017-09-12,2.17,126.90625,-22499.99999999985,34375.0,11875.00000000015
2017-09-13,2.2,126.71875,-22500.00000000019,18750.0,-3750.000000000189
2017-09-14,2.2,126.6875,-0.0,3125.0,3125.0
2017-09-15,2.2,126.59375,-0.0,9375.0,9375.0
2017-09-27,2.31,125.4375,-52499.999999999876,56250.0,3750.0000000001237
2017-09-28,2.31,125.546875,-0.0,-10937.5,-10937.5
2017-09-29,2.33,125.3125,-15000.000000000015,23437.5,8437.499999999985
2017-10-02,2.34,125.25,-7499.999999999841,6250.0,-1249.9999999998408
2017-10-03,2.33,125.328125,7499.999999999841,-7812.5,-312.50000000015916
2017-10-04,2.33,125.328125,-0.0,-0.0,-0.0
2017-10-05,2.35,125.15625,-15000.000000000015,17187.5,2187.4999999999854
2017-10-06,2.37,125.03125,-15000.000000000015,12500.0,-2500.0000000000146
2017-10-10,2.35,125.265625,15000.000000000015,-23437.5,-8437.499999999985
2017-10-11,2.35,125.234375,-0.0,3125.0,3125.0
2017-10-12,2.33,125.390625,15000.000000000015,-15625.0,-624.9999999999854
2017-10-13,2.28,125.703125,37500.0000000002,-31250.0,6250.000000000196
2017-10-16,2.3,125.421875,-15000.000000000015,28125.0,13124.999999999985
2017-10-17,2.3,125.4375,-0.0,-1562.5,-1562.5
2017-10-18,2.34,125.140625,-30000.00000000003,29687.5,-312.5000000000291
2017-10-19,2.33,125.265625,7499.999999999841,-12500.0,-5000.000000000159
2017-10-20,2.39,124.828125,-45000.00000000004,43750.0,-1250.0000000000364
2017-10-23,2.38,124.921875,7500.000000000174,-9375.0,-1874.9999999998263
2017-10-24,2.42,124.734375,-30000.00000000003,18750.0,-11250.00000000003
2017-10-25,2.44,124.453125,-15000.000000000015,28125.0,13124.999999999985
2017-10-26,2.46,124.375,-15000.000000000015,7812.5,-7187.500000000015
2017-10-27,2.42,124.59375,30000.00000000003,-21875.0,8125.000000000029
2017-10-30,2.37,125.015625,37499.99999999987,-42187.5,-4687.500000000131
2017-10-31,2.38,124.9375,-7499.999999999841,7812.5,312.50000000015916
2017-11-01,2.37,124.90625,7499.999999999841,3125.0,10624.99999999984
2017-11-02,2.35,125.140625,15000.000000000015,-23437.5,-8437.499999999985
2017-11-03,2.34,125.15625,7500.000000000174,-1562.5,5937.500000000174
2017-11-06,2.32,125.359375,15000.000000000015,-20312.5,-5312.499999999985
2017-11-07,2.32,125.421875,-0.0,-6250.0,-6250.0
2017-11-08,2.32,125.25,-0.0,17187.5,17187.5
2017-11-09,2.33,125.1875,-7500.000000000174,6250.0,-1250.0000000001737
2017-11-10,2.4,124.703125,-52499.999999999876,48437.5,-4062.4999999998763
2017-11-13,2.4,124.625,-0.0,7812.5,7812.5
2017-11-14,2.38,124.734375,15000.000000000015,-10937.5,4062.5000000000146
2017-11-15,2.33,125.046875,37499.99999999987,-31250.0,6249.999999999869
2017-11-16,2.37,124.859375,-30000.00000000003,18750.0,-11250.00000000003
2017-11-17,2.35,124.90625,15000.000000000015,-4687.5,10312.500000000015
2017-11-20,2.37,124.6875,-15000.000000000015,21875.0,6874.999999999985
2017-11-21,2.36,124.6875,7500.000000000174,-0.0,7500.000000000174
2017-11-22,2.32,125.109375,30000.00000000003,-42187.5,-12187.49999999997
2017-11-24,2.34,124.96875,-15000.000000000015,14062.5,-937.5000000000146
2017-11-27,2.32,125.125,15000.000000000015,-15625.0,-624.9999999999854
2017-11-28,2.34,124.96875,-15000.000000000015,15625.0,624.9999999999854
2017-11-29,2.37,124.71875,-22500.00000000019,25000.0,2499.999999999811
2017-11-30,2.42,124.3125,-37499.99999999987,40625.0,3125.000000000131
2017-12-01,2.37,124.671875,37499.99999999987,-35937.5,1562.499999999869
2017-12-04,2.37,124.5,-0.0,17187.5,17187.5
2017-12-05,2.36,124.59375,7500.000000000174,-9375.0,-1874.9999999998263
2017-12-06,2.33,124.828125,22499.99999999985,-23437.5,-937.5000000001492
2017-12-07,2.37,124.515625,-30000.00000000003,31250.0,1249.999999999971
2017-12-08,2.38,124.515625,-7499.999999999841,-0.0,-7499.999999999841
2017-12-11,2.39,124.5,-7500.000000000174,1562.5,-5937.500000000174
2017-12-12,2.4,124.359375,-7499.999999999841,14062.5,6562.500000000159
2017-12-13,2.36,124.828125,30000.00000000003,-46875.0,-16874.99999999997
2017-12-14,2.35,124.78125,7499.999999999841,4687.5,12187.49999999984
2017-12-15,2.35,124.640625,-0.0,14062.5,14062.5
2017-12-27,2.42,123.984375,37500.0000000002,-35937.5,1562.5000000001965
2017-12-28,2.43,123.84375,-7500.000000000174,14062.5,6562.499999999826
2017-12-29,2.4,124.046875,22500.00000000019,-20312.5,2187.500000000189
2018-01-02,2.46,123.6875,-45000.00000000004,35937.5,-9062.500000000036
2018-01-03,2.44,123.78125,15000.000000000015,-9375.0,5625.000000000015
2018-01-04,2.46,123.671875,-15000.000000000015,10937.5,-4062.5000000000146
2018-01-05,2.47,123.515625,-7500.000000000174,15625.0,8124.999999999826
2018-01-08,2.49,123.484375,-15000.000000000015,3125.0,-11875.000000000015
2018-01-09,2.55,123.046875,-44999.9999999997,43750.0,-1249.9999999997017
2018-01-10,2.55,123.0,-0.0,4687.5,4687.5
2018-01-11,2.54,123.125,7499.999999999841,-12500.0,-5000.000000000159
2018-01-12,2.55,122.9375,-7499.999999999841,18750.0,11250.00000000016
2018-01-16,2.54,122.984375,7499.999999999841,-4687.5,2812.499999999841
2018-01-17,2.57,122.65625,-22499.99999999985,32812.5,10312.50000000015
2018-01-18,2.62,122.453125,-37500.0000000002,20312.5,-17187.500000000196
2018-01-19,2.64,122.28125,-15000.000000000015,17187.5,2187.4999999999854
2018-01-22,2.66,122.09375,-15000.000000000015,18750.0,3749.9999999999854
2018-01-23,2.63,122.421875,22500.00000000019,-32812.5,-10312.49999999981
2018-01-24,2.65,122.203125,-15000.000000000015,21875.0,6874.999999999985
2018-01-25,2.63,122.4375,15000.000000000015,-23437.5,-8437.499999999985
2018-01-26,2.66,122.0625,-22500.00000000019,37500.0,14999.99999999981
2018-01-29,2.7,121.8125,-30000.00000000003,25000.0,-5000.000000000029
2018-01-30,2.73,121.640625,-22499.99999999985,17187.5,-5312.499999999851
2018-01-31,2.72,121.578125,7499.999999999841,6250.0,13749.99999999984
2018-02-01,2.78,121.21875,-44999.9999999997,35937.5,-9062.499999999702
2018-02-02,2.84,120.734375,-45000.00000000004,48437.5,3437.4999999999636
2018-02-05,2.77,121.265625,52499.999999999876,-53125.0,-625.0000000001237
2018-02-06,2.79,121.484375,-15000.000000000015,-21875.0,-36875.000000000015
2018-02-07,2.84,121.0,-37499.99999999987,48437.5,10937.500000000131
2018-02-08,2.85,120.890625,-7500.000000000174,10937.5,3437.4999999998263
2018-02-09,2.83,121.171875,15000.000000000015,-28125.0,-13124.999999999985
2018-02-12,2.86,120.890625,-22499.99999999985,28125.0,5625.000000000149
2018-02-13,2.83,121.0,22499.99999999985,-10937.5,11562.49999999985
2018-02-14,2.91,120.328125,-60000.00000000006,67187.5,7187.499999999942
2018-02-15,2.9,120.453125,7500.000000000174,-12500.0,-4999.999999999826
2018-02-16,2.87,120.578125,22499.99999999985,-12500.0,9999.99999999985
2018-02-20,2.88,120.484375,-7499.999999999841,9375.0,1875.0000000001592
2018-02-21,2.94,120.203125,-45000.00000000004,28125.0,-16875.000000000036
2018-02-22,2.92,120.421875,15000.000000000015,-21875.0,-6874.999999999985
2018-02-23,2.88,120.734375,30000.00000000003,-31250.0,-1249.999999999971
2018-02-26,2.86,120.828125,15000.000000000015,-9375.0,5625.000000000015
2018-02-27,2.9,120.390625,-30000.00000000003,43750.0,13749.99999999997
2018-02-28,2.87,120.65625,22499.99999999985,-26562.5,-4062.500000000149
2018-03-01,2.81,121.203125,45000.00000000004,-54687.5,-9687.499999999964
2018-03-02,2.86,120.796875,-37499.99999999987,40625.0,3125.000000000131
2018-03-05,2.88,120.65625,-15000.000000000015,14062.5,-937.5000000000146
2018-03-06,2.88,120.671875,-0.0,-1562.5,-1562.5
2018-03-07,2.89,120.640625,-7500.000000000174,3125.0,-4375.000000000174
2018-03-08,2.86,120.796875,22500.00000000019,-15625.0,6875.000000000189
2018-03-09,2.9,120.65625,-30000.00000000003,14062.5,-15937.50000000003
2018-03-12,2.87,120.84375,22499.99999999985,-18750.0,3749.999999999851
2018-03-13,2.84,120.921875,22500.00000000019,-7812.5,14687.50000000019
2018-03-14,2.81,121.140625,22499.99999999985,-21875.0,624.9999999998508
2018-03-15,2.82,121.09375,-7499.999999999841,4687.5,-2812.499999999841
2018-03-16,2.85,120.96875,-22500.00000000019,12500.0,-10000.00000000019
2018-03-27,2.78,120.90625,52500.00000000022,-43750.0,8750.000000000218
2018-03-28,2.77,120.90625,7499.999999999841,-0.0,7499.999999999841
2018-03-29,2.74,121.140625,22499.99999999985,-23437.5,-937.5000000001492
2018-04-02,2.73,121.265625,7500.000000000174,-12500.0,-4999.999999999826
2018-04-03,2.79,120.84375,-45000.00000000004,42187.5,-2812.5000000000364
2018-04-04,2.79,120.828125,-0.0,1562.5,1562.5
2018-04-05,2.83,120.5625,-30000.00000000003,26562.5,-3437.500000000029
2018-04-06,2.77,121.015625,45000.00000000004,-45312.5,-312.4999999999636
2018-04-09,2.78,120.90625,-7499.999999999841,10937.5,3437.500000000159
2018-04-10,2.8,120.765625,-15000.000000000015,14062.5,-937.5000000000146
2018-04-11,2.79,120.84375,7499.999999999841,-7812.5,-312.50000000015916
2018-04-12,2.83,120.46875,-30000.00000000003,37500.0,7499.999999999971
2018-04-13,2.82,120.484375,7500.000000000174,-1562.5,5937.500000000174
2018-04-16,2.83,120.46875,-7500.000000000174,1562.5,-5937.500000000174
2018-04-17,2.82,120.5625,7500.000000000174,-9375.0,-1874.9999999998263
2018-04-18,2.87,120.140625,-37500.0000000002,42187.5,4687.499999999804
2018-04-19,2.92,119.828125,-37499.99999999987,31250.0,-6249.999999999869
2018-04-20,2.96,119.546875,-30000.00000000003,28125.0,-1875.000000000029
2018-04-23,2.98,119.328125,-15000.000000000015,21875.0,6874.999999999985
2018-04-24,3.0,119.328125,-15000.000000000015,-0.0,-15000.000000000015
2018-04-25,3.03,119.078125,-22499.99999999985,25000.0,2500.000000000149
2018-04-26,3.0,119.3125,22499.99999999985,-23437.5,-937.5000000001492
2018-04-27,2.96,119.5,30000.00000000003,-18750.0,11250.00000000003
2018-04-30,2.95,119.625,7499.999999999841,-12500.0,-5000.000000000159
2018-05-01,2.97,119.375,-15000.000000000015,25000.0,9999.999999999985
2018-05-02,2.97,119.515625,-0.0,-14062.5,-14062.5
2018-05-03,2.94,119.6875,22500.00000000019,-17187.5,5312.500000000189
2018-05-04,2.95,119.703125,-7500.000000000174,-1562.5,-9062.500000000175
2018-05-07,2.95,119.6875,-0.0,1562.5,1562.5
2018-05-08,2.97,119.515625,-15000.000000000015,17187.5,2187.4999999999854
2018-05-09,3.0,119.265625,-22499.99999999985,25000.0,2500.000000000149
2018-05-10,2.97,119.390625,22499.99999999985,-12500.0,9999.99999999985
2018-05-11,2.97,119.40625,-0.0,-1562.5,-1562.5
2018-05-14,3.0,119.25,-22499.99999999985,15625.0,-6874.999999999851
2018-05-15,3.08,118.609375,-60000.00000000006,64062.5,4062.499999999942
2018-05-16,3.09,118.546875,-7499.999999999841,6250.0,-1249.9999999998408
2018-05-17,3.11,118.515625,-15000.000000000015,3125.0,-11875.000000000015
2018-05-18,3.06,118.84375,37499.99999999987,-32812.5,4687.499999999869
2018-05-21,3.06,118.84375,-0.0,-0.0,-0.0
2018-05-22,3.06,118.875,-0.0,-3125.0,-3125.0
2018-05-23,3.01,119.390625,37500.0000000002,-51562.5,-14062.499999999804
2018-05-24,2.98,119.5,22499.99999999985,-10937.5,11562.49999999985
2018-05-25,2.93,119.859375,37499.99999999987,-35937.5,1562.499999999869
2018-05-29,2.77,121.234375,120000.00000000012,-137500.0,-17499.999999999884
2018-05-30,2.84,120.609375,-52499.999999999876,62500.0,10000.000000000124
2018-05-31,2.83,120.734375,7499.999999999841,-12500.0,-5000.000000000159
2018-06-01,2.89,120.171875,-45000.00000000004,56250.0,11249.999999999964
2018-06-04,2.94,119.828125,-37499.99999999987,34375.0,-3124.999999999869
2018-06-05,2.92,120.03125,15000.000000000015,-20312.5,-5312.499999999985
2018-06-06,2.97,119.625,-37500.0000000002,40625.0,3124.9999999998035
2018-06-07,2.93,119.921875,30000.00000000003,-29687.5,312.5000000000291
2018-06-08,2.93,119.921875,-0.0,-0.0,-0.0
2018-06-11,2.96,119.765625,-22499.99999999985,15625.0,-6874.999999999851
2018-06-12,2.96,119.734375,-0.0,3125.0,3125.0
2018-06-13,2.98,119.515625,-15000.000000000015,21875.0,6874.999999999985
2018-06-14,2.94,119.75,30000.00000000003,-23437.5,6562.500000000029
2018-06-15,2.93,119.890625,7499.999999999841,-14062.5,-6562.500000000159
2018-06-27,2.83,120.390625,37499.99999999987,-39062.5,-1562.500000000131
2018-06-28,2.84,120.1875,-7499.999999999841,20312.5,12812.50000000016
2018-06-29,2.85,120.1875,-7500.000000000174,-0.0,-7500.000000000174
2018-07-02,2.87,120.078125,-15000.000000000015,10937.5,-4062.5000000000146
2018-07-03,2.83,120.3125,30000.00000000003,-23437.5,6562.500000000029
2018-07-05,2.84,120.25,-7499.999999999841,6250.0,-1249.9999999998408
2018-07-06,2.82,120.34375,15000.000000000015,-9375.0,5625.000000000015
2018-07-09,2.86,120.125,-30000.00000000003,21875.0,-8125.000000000029
2018-07-10,2.87,120.015625,-7500.000000000174,10937.5,3437.4999999998263
2018-07-11,2.85,120.25,15000.000000000015,-23437.5,-8437.499999999985
2018-07-12,2.85,120.15625,-0.0,9375.0,9375.0
2018-07-13,2.83,120.359375,15000.000000000015,-20312.5,-5312.499999999985
2018-07-16,2.85,120.171875,-15000.000000000015,18750.0,3749.9999999999854
2018-07-17,2.86,120.125,-7499.999999999841,4687.5,-2812.499999999841
2018-07-18,2.88,120.0625,-15000.000000000015,6250.0,-8750.000000000015
2018-07-19,2.84,120.296875,30000.00000000003,-23437.5,6562.500000000029
2018-07-20,2.89,119.984375,-37500.0000000002,31250.0,-6250.000000000196
2018-07-23,2.96,119.484375,-52499.999999999876,50000.0,-2499.9999999998763
2018-07-24,2.95,119.5625,7499.999999999841,-7812.5,-312.50000000015916
2018-07-25,2.94,119.65625,7500.000000000174,-9375.0,-1874.9999999998263
2018-07-26,2.98,119.34375,-30000.00000000003,31250.0,1249.999999999971
2018-07-27,2.96,119.4375,15000.000000000015,-9375.0,5625.000000000015
2018-07-30,2.98,119.375,-15000.000000000015,6250.0,-8750.000000000015
2018-07-31,2.96,119.421875,15000.000000000015,-4687.5,10312.500000000015
2018-08-01,3.0,119.171875,-30000.00000000003,25000.0,-5000.000000000029
2018-08-02,2.98,119.328125,15000.000000000015,-15625.0,-624.9999999999854
2018-08-03,2.95,119.609375,22499.99999999985,-28125.0,-5625.000000000149
2018-08-06,2.94,119.734375,7500.000000000174,-12500.0,-4999.999999999826
2018-08-07,2.98,119.46875,-30000.00000000003,26562.5,-3437.500000000029
2018-08-08,2.96,119.5,15000.000000000015,-3125.0,11875.000000000015
2018-08-09,2.93,119.71875,22499.99999999985,-21875.0,624.9999999998508
2018-08-10,2.87,120.375,45000.00000000004,-65625.0,-20624.999999999964
2018-08-13,2.88,120.25,-7499.999999999841,12500.0,5000.000000000159
2018-08-14,2.89,120.109375,-7500.000000000174,14062.5,6562.499999999826
2018-08-15,2.86,120.4375,22500.00000000019,-32812.5,-10312.49999999981
2018-08-16,2.87,120.265625,-7500.000000000174,17187.5,9687.499999999825
2018-08-17,2.87,120.25,-0.0,1562.5,1562.5
2018-08-20,2.82,120.625,37500.0000000002,-37500.0,1.964508555829525e-10
2018-08-21,2.85,120.453125,-22500.00000000019,17187.5,-5312.500000000189
2018-08-22,2.82,120.625,22500.00000000019,-17187.5,5312.500000000189
2018-08-23,2.82,120.59375,-0.0,3125.0,3125.0
2018-08-24,2.82,120.515625,-0.0,7812.5,7812.5
2018-08-27,2.85,120.34375,-22500.00000000019,17187.5,-5312.500000000189
2018-08-28,2.88,120.09375,-22499.99999999985,25000.0,2500.000000000149
2018-08-29,2.89,120.09375,-7500.000000000174,-0.0,-7500.000000000174
2018-08-30,2.86,120.265625,22500.00000000019,-17187.5,5312.500000000189
2018-08-31,2.86,120.390625,-0.0,-12500.0,-12500.0
2018-09-04,2.9,120.0625,-30000.00000000003,32812.5,2812.499999999971
2018-09-05,2.9,120.09375,-0.0,-3125.0,-3125.0
2018-09-06,2.88,120.296875,15000.000000000015,-20312.5,-5312.499999999985
2018-09-07,2.94,119.796875,-45000.00000000004,50000.0,4999.999999999964
2018-09-10,2.94,119.8125,-0.0,-1562.5,-1562.5
2018-09-11,2.98,119.5,-30000.00000000003,31250.0,1249.999999999971
2018-09-12,2.97,119.609375,7499.999999999841,-10937.5,-3437.500000000159
2018-09-13,2.97,119.59375,-0.0,1562.5,1562.5
2018-09-14,2.99,119.359375,-15000.000000000015,23437.5,8437.499999999985
2018-09-17,2.99,119.3125,-0.0,4687.5,4687.5
2018-09-27,3.06,118.75,-0.0,-1562.5,-1562.5
2018-09-28,3.05,118.78125,7500.000000000174,-3125.0,4375.000000000174
2018-10-01,3.09,118.671875,-30000.00000000003,10937.5,-19062.50000000003
2018-10-02,3.05,118.8125,30000.00000000003,-14062.5,15937.50000000003
2018-10-03,3.15,118.125,-75000.00000000007,68750.0,-6250.000000000073
2018-10-04,3.19,117.859375,-30000.00000000003,26562.5,-3437.500000000029
2018-10-05,3.23,117.671875,-30000.00000000003,18750.0,-11250.00000000003
2018-10-09,3.21,117.8125,15000.000000000015,-14062.5,937.5000000000146
2018-10-10,3.22,117.75,-7500.000000000174,6250.0,-1250.0000000001737
2018-10-11,3.14,118.390625,60000.00000000006,-64062.5,-4062.499999999942
2018-10-12,3.15,118.34375,-7499.999999999841,4687.5,-2812.499999999841
2018-10-15,3.16,118.15625,-7500.000000000174,18750.0,11249.999999999825
2018-10-16,3.16,118.21875,-0.0,-6250.0,-6250.0
2018-10-17,3.19,118.046875,-22499.99999999985,17187.5,-5312.499999999851
2018-10-18,3.17,118.140625,15000.000000000015,-9375.0,5625.000000000015
2018-10-19,3.2,117.953125,-22500.00000000019,18750.0,-3750.000000000189
2018-10-22,3.2,118.0,-0.0,-4687.5,-4687.5
2018-10-23,3.17,118.265625,22500.00000000019,-26562.5,-4062.499999999811
2018-10-24,3.1,118.625,52499.999999999876,-35937.5,16562.499999999876
2018-10-25,3.14,118.53125,-30000.00000000003,9375.0,-20625.00000000003
2018-10-26,3.08,119.03125,45000.00000000004,-50000.0,-4999.999999999964
2018-10-29,3.08,118.953125,-0.0,7812.5,7812.5
2018-10-30,3.12,118.78125,-30000.00000000003,17187.5,-12812.50000000003
2018-10-31,3.15,118.4375,-22499.99999999985,34375.0,11875.00000000015
2018-11-01,3.14,118.578125,7499.999999999841,-14062.5,-6562.500000000159
2018-11-02,3.22,118.046875,-60000.00000000006,53125.0,-6875.000000000058
2018-11-05,3.2,118.140625,15000.000000000015,-9375.0,5625.000000000015
2018-11-06,3.22,118.0,-15000.000000000015,14062.5,-937.5000000000146
2018-11-07,3.22,117.984375,-0.0,1562.5,1562.5
2018-11-08,3.24,117.78125,-15000.000000000015,20312.5,5312.499999999985
2018-11-09,3.19,118.125,37500.0000000002,-34375.0,3125.0000000001965
2018-11-13,3.14,118.515625,37499.99999999987,-39062.5,-1562.500000000131
2018-11-14,3.12,118.75,15000.000000000015,-23437.5,-8437.499999999985
2018-11-15,3.11,118.8125,7500.000000000174,-6250.0,1250.0000000001737
2018-11-16,3.08,119.15625,22499.99999999985,-34375.0,-11875.00000000015
2018-11-19,3.06,119.296875,15000.000000000015,-14062.5,937.5000000000146
2018-11-20,3.06,119.34375,-0.0,-4687.5,-4687.5
2018-11-21,3.06,119.234375,-0.0,10937.5,10937.5
2018-11-23,3.05,119.28125,7500.000000000174,-4687.5,2812.5000000001737
2018-11-26,3.07,119.140625,-15000.000000000015,14062.5,-937.5000000000146
2018-11-27,3.06,119.25,7499.999999999841,-10937.5,-3437.500000000159
2018-11-28,3.06,119.390625,-0.0,-14062.5,-14062.5
2018-11-29,3.03,119.421875,22500.00000000019,-3125.0,19375.00000000019
2018-11-30,3.01,119.546875,15000.000000000015,-12500.0,2500.0000000000146
2018-12-03,2.98,119.6875,22499.99999999985,-14062.5,8437.49999999985
2018-12-04,2.91,120.09375,52499.999999999876,-40625.0,11874.999999999876
2018-12-06,2.87,120.453125,30000.00000000003,-35937.5,-5937.499999999971
2018-12-07,2.85,120.765625,15000.000000000015,-31250.0,-16249.999999999985
2018-12-10,2.85,120.6875,-0.0,7812.5,7812.5
2018-12-11,2.89,120.453125,-30000.00000000003,23437.5,-6562.500000000029
2018-12-12,2.91,120.28125,-15000.000000000015,17187.5,2187.4999999999854
2018-12-13,2.91,120.28125,-0.0,-0.0,-0.0
2018-12-14,2.89,120.453125,15000.000000000015,-17187.5,-2187.4999999999854
2018-12-17,2.86,120.71875,22500.00000000019,-26562.5,-4062.499999999811
2018-12-27,2.77,121.53125,30000.00000000003,-50000.0,-19999.99999999997
2018-12-28,2.72,121.625,37499.99999999987,-9375.0,28124.99999999987
2018-12-31,2.69,122.015625,22500.00000000019,-39062.5,-16562.49999999981
2019-01-02,2.66,122.1875,22499.99999999985,-17187.5,5312.499999999851
2019-01-03,2.56,123.15625,75000.00000000007,-96875.0,-21874.999999999927
2019-01-04,2.67,122.296875,-82499.99999999991,85937.5,3437.5000000000873
2019-01-07,2.7,122.046875,-22500.00000000019,25000.0,2499.999999999811
2019-01-08,2.73,121.75,-22499.99999999985,29687.5,7187.500000000149
2019-01-09,2.74,121.71875,-7500.000000000174,3125.0,-4375.000000000174
2019-01-10,2.74,121.71875,-0.0,-0.0,-0.0
2019-01-11,2.71,121.953125,22500.00000000019,-23437.5,-937.4999999998108
2019-01-14,2.71,121.90625,-0.0,4687.5,4687.5
2019-01-15,2.72,121.90625,-7500.000000000174,-0.0,-7500.000000000174
2019-01-16,2.73,121.71875,-7499.999999999841,18750.0,11250.00000000016
2019-01-17,2.75,121.515625,-15000.000000000015,20312.5,5312.499999999985
2019-01-18,2.79,121.171875,-30000.00000000003,34375.0,4374.999999999971
2019-01-22,2.74,121.578125,37499.99999999987,-40625.0,-3125.000000000131
2019-01-23,2.76,121.390625,-14999.999999999682,18750.0,3750.0000000003183
2019-01-24,2.72,121.75,29999.999999999694,-35937.5,-5937.500000000306
2019-01-25,2.76,121.40625,-29999.999999999694,34375.0,4375.000000000306
2019-01-28,2.75,121.5,7499.999999999841,-9375.0,-1875.0000000001592
2019-01-29,2.72,121.78125,22499.99999999985,-28125.0,-5625.000000000149
2019-01-30,2.7,122.0,15000.000000000015,-21875.0,-6874.999999999985
2019-01-31,2.63,122.46875,52500.00000000022,-46875.0,5625.000000000218
2019-02-01,2.7,121.9375,-52500.00000000022,53125.0,624.9999999997817
2019-02-04,2.73,121.71875,-22499.99999999985,21875.0,-624.9999999998508
2019-02-05,2.71,121.875,15000.000000000015,-15625.0,-624.9999999999854
2019-02-06,2.7,121.890625,7499.999999999841,-1562.5,5937.499999999841
2019-02-07,2.65,122.28125,37500.0000000002,-39062.5,-1562.4999999998035
2019-02-08,2.63,122.375,15000.000000000015,-9375.0,5625.000000000015
2019-02-11,2.65,122.125,-15000.000000000015,25000.0,9999.999999999985
2019-02-12,2.68,121.953125,-22500.00000000019,17187.5,-5312.500000000189
2019-02-13,2.71,121.75,-22499.99999999985,20312.5,-2187.499999999851
2019-02-14,2.66,122.171875,37499.99999999987,-42187.5,-4687.500000000131
2019-02-15,2.66,122.046875,-0.0,12500.0,12500.0
2019-02-19,2.65,122.21875,7500.000000000174,-17187.5,-9687.499999999825
2019-02-20,2.65,122.15625,-0.0,6250.0,6250.0
2019-02-21,2.69,121.90625,-30000.00000000003,25000.0,-5000.000000000029
2019-02-22,2.65,122.140625,30000.00000000003,-23437.5,6562.500000000029
2019-02-25,2.67,122.03125,-15000.000000000015,10937.5,-4062.5000000000146
2019-02-26,2.64,122.328125,22499.99999999985,-29687.5,-7187.500000000149
2019-02-27,2.69,121.921875,-37499.99999999987,40625.0,3125.000000000131
2019-02-28,2.73,121.75,-30000.00000000003,17187.5,-12812.50000000003
2019-03-01,2.76,121.4375,-22499.99999999985,31250.0,8750.00000000015
2019-03-04,2.72,121.671875,29999.999999999694,-23437.5,6562.499999999694
2019-03-05,2.72,121.6875,-0.0,-1562.5,-1562.5
2019-03-06,2.69,121.9375,22500.00000000019,-25000.0,-2499.999999999811
2019-03-07,2.64,122.421875,37499.99999999987,-48437.5,-10937.500000000131
2019-03-08,2.62,122.515625,15000.000000000015,-9375.0,5625.000000000015
2019-03-11,2.64,122.40625,-15000.000000000015,10937.5,-4062.5000000000146
2019-03-12,2.61,122.609375,22500.00000000019,-20312.5,2187.500000000189
2019-03-13,2.61,122.59375,-0.0,1562.5,1562.5
2019-03-14,2.63,122.453125,-15000.000000000015,14062.5,-937.5000000000146
2019-03-15,2.59,122.703125,30000.00000000003,-25000.0,5000.000000000029
2019-03-27,2.39,124.6875,15000.000000000015,-28125.0,-13124.999999999985
2019-03-28,2.39,124.5,-0.0,18750.0,18750.0
2019-03-29,2.41,124.21875,-15000.000000000015,28125.0,13124.999999999985
2019-04-01,2.49,123.609375,-60000.00000000006,60937.5,937.4999999999418
2019-04-02,2.48,123.765625,7500.000000000174,-15625.0,-8124.999999999826
2019-04-03,2.52,123.5,-30000.00000000003,26562.5,-3437.500000000029
2019-04-04,2.51,123.546875,7500.000000000174,-4687.5,2812.5000000001737
2019-04-05,2.5,123.59375,7499.999999999841,-4687.5,2812.499999999841
2019-04-08,2.52,123.453125,-15000.000000000015,14062.5,-937.5000000000146
2019-04-09,2.51,123.640625,7500.000000000174,-18750.0,-11249.999999999825
2019-04-10,2.48,123.796875,22499.99999999985,-15625.0,6874.999999999851
2019-04-11,2.51,123.5625,-22499.99999999985,23437.5,937.5000000001492
2019-04-12,2.56,123.09375,-37500.0000000002,46875.0,9374.999999999804
2019-04-15,2.55,123.15625,7500.000000000174,-6250.0,1250.0000000001737
2019-04-16,2.6,122.828125,-37500.0000000002,32812.5,-4687.500000000196
2019-04-17,2.59,122.859375,7500.000000000174,-3125.0,4375.000000000174
2019-04-18,2.57,123.140625,15000.000000000015,-28125.0,-13124.999999999985
2019-04-22,2.59,122.9375,-15000.000000000015,20312.5,5312.499999999985
2019-04-23,2.57,123.125,15000.000000000015,-18750.0,-3749.9999999999854
2019-04-24,2.53,123.53125,30000.00000000003,-40625.0,-10624.99999999997
2019-04-25,2.54,123.390625,-7500.000000000174,14062.5,6562.499999999826
2019-04-26,2.51,123.671875,22500.00000000019,-28125.0,-5624.999999999811
2019-04-29,2.54,123.4375,-22500.00000000019,23437.5,937.4999999998108
2019-04-30,2.51,123.671875,22500.00000000019,-23437.5,-937.4999999998108
2019-05-01,2.52,123.578125,-7500.000000000174,9375.0,1874.9999999998263
2019-05-02,2.55,123.171875,-22499.99999999985,40625.0,18125.00000000015
2019-05-03,2.54,123.34375,7499.999999999841,-17187.5,-9687.50000000016
2019-05-06,2.51,123.625,22500.00000000019,-28125.0,-5624.999999999811
2019-05-07,2.45,124.015625,44999.9999999997,-39062.5,5937.499999999702
2019-05-08,2.49,123.75,-30000.00000000003,26562.5,-3437.500000000029
2019-05-09,2.45,123.984375,30000.00000000003,-23437.5,6562.500000000029
2019-05-10,2.47,123.984375,-15000.000000000015,-0.0,-15000.000000000015
2019-05-13,2.4,124.421875,52500.00000000022,-43750.0,8750.000000000218
2019-05-14,2.42,124.328125,-15000.000000000015,9375.0,-5625.000000000015
2019-05-15,2.37,124.671875,37499.99999999987,-34375.0,3124.999999999869
2019-05-16,2.4,124.421875,-22499.99999999985,25000.0,2500.000000000149
2019-05-17,2.39,124.484375,7499.999999999841,-6250.0,1249.9999999998408
2019-05-20,2.41,124.28125,-15000.000000000015,20312.5,5312.499999999985
2019-05-21,2.43,124.140625,-15000.000000000015,14062.5,-937.5000000000146
2019-05-22,2.39,124.4375,30000.00000000003,-29687.5,312.5000000000291
2019-05-23,2.31,125.203125,60000.00000000006,-76562.5,-16562.49999999994
2019-05-24,2.32,124.890625,-7499.999999999841,31250.0,23750.00000000016
2019-05-28,2.26,125.390625,45000.00000000004,-50000.0,-4999.999999999964
2019-05-29,2.25,125.625,7499.999999999841,-23437.5,-15937.50000000016
2019-05-30,2.22,125.6875,22499.99999999985,-6250.0,16249.99999999985
2019-05-31,2.14,126.375,60000.00000000006,-68750.0,-8749.999999999942
2019-06-03,2.07,126.890625,52500.00000000022,-51562.5,937.5000000002183
2019-06-04,2.12,126.59375,-37500.0000000002,29687.5,-7812.500000000196
2019-06-05,2.12,126.640625,-0.0,-4687.5,-4687.5
2019-06-06,2.12,126.609375,-0.0,3125.0,3125.0
2019-06-07,2.09,126.890625,22500.00000000019,-28125.0,-5624.999999999811
2019-06-10,2.15,126.4375,-45000.00000000004,45312.5,312.4999999999636
2019-06-11,2.15,126.4375,-0.0,-0.0,-0.0
2019-06-12,2.13,126.640625,15000.000000000015,-20312.5,-5312.499999999985
2019-06-13,2.1,127.0,22499.99999999985,-35937.5,-13437.50000000015
2019-06-14,2.09,126.9375,7500.000000000174,6250.0,13750.000000000175
2019-06-17,2.09,126.96875,-0.0,-3125.0,-3125.0
2019-06-27,2.01,127.9375,30000.00000000003,-34375.0,-4374.999999999971
2019-06-28,2.0,127.96875,7499.999999999841,-3125.0,4374.999999999841
2019-07-01,2.03,127.6875,-22499.99999999985,28125.0,5625.000000000149
2019-07-02,1.98,128.140625,37499.99999999987,-45312.5,-7812.500000000131
2019-07-03,1.96,128.25,15000.000000000015,-10937.5,4062.5000000000146
2019-07-05,2.04,127.46875,-60000.00000000006,78125.0,18124.99999999994
2019-07-08,2.05,127.5,-7499.999999999841,-3125.0,-10624.99999999984
2019-07-09,2.07,127.296875,-15000.000000000015,20312.5,5312.499999999985
2019-07-10,2.07,127.4375,-0.0,-14062.5,-14062.5
2019-07-11,2.13,126.984375,-45000.00000000004,45312.5,312.4999999999636
2019-07-12,2.12,127.109375,7499.999999999841,-12500.0,-5000.000000000159
2019-07-15,2.09,127.171875,22500.00000000019,-6250.0,16250.00000000019
2019-07-16,2.13,126.921875,-30000.00000000003,25000.0,-5000.000000000029
2019-07-17,2.06,127.359375,52499.999999999876,-43750.0,8749.999999999876
2019-07-18,2.04,127.640625,15000.000000000015,-28125.0,-13124.999999999985
2019-07-19,2.05,127.53125,-7499.999999999841,10937.5,3437.500000000159
2019-07-22,2.05,127.59375,-0.0,-6250.0,-6250.0
2019-07-23,2.08,127.359375,-22500.00000000019,23437.5,937.4999999998108
2019-07-24,2.05,127.515625,22500.00000000019,-15625.0,6875.000000000189
2019-07-25,2.08,127.28125,-22500.00000000019,23437.5,937.4999999998108
2019-07-26,2.08,127.21875,-0.0,6250.0,6250.0
2019-07-29,2.06,127.453125,15000.000000000015,-23437.5,-8437.499999999985
2019-07-30,2.06,127.34375,-0.0,10937.5,10937.5
2019-07-31,2.02,127.421875,30000.00000000003,-7812.5,22187.50000000003
2019-08-01,1.9,128.6875,90000.00000000007,-126562.5,-36562.49999999993
2019-08-02,1.86,128.859375,29999.999999999858,-17187.5,12812.499999999858
2019-08-05,1.75,129.84375,82500.00000000007,-98437.5,-15937.499999999927
2019-08-06,1.73,129.765625,15000.000000000015,7812.5,22812.500000000015
2019-08-07,1.71,130.15625,15000.000000000015,-39062.5,-24062.499999999985
2019-08-08,1.72,129.921875,-7500.000000000007,23437.5,15937.499999999993
2019-08-09,1.74,129.6875,-15000.000000000015,23437.5,8437.499999999985
2019-08-12,1.65,130.375,67500.00000000006,-68750.0,-1249.9999999999418
2019-08-13,1.68,129.828125,-22500.00000000002,54687.5,32187.49999999998
2019-08-14,1.59,130.515625,67499.9999999999,-68750.0,-1250.0000000001019
2019-08-15,1.52,130.953125,52500.000000000044,-43750.0,8750.000000000044
2019-08-16,1.55,130.921875,-22500.00000000002,3125.0,-19375.00000000002
2019-08-19,1.6,130.4375,-37500.00000000004,48437.5,10937.499999999964
2019-08-20,1.55,130.734375,37500.00000000004,-29687.5,7812.500000000036
2019-08-21,1.59,130.53125,-30000.00000000003,20312.5,-9687.50000000003
2019-08-22,1.62,130.296875,-22500.00000000002,23437.5,937.4999999999818
2019-08-23,1.52,130.953125,75000.00000000007,-65625.0,9375.000000000073
2019-08-26,1.54,130.78125,-15000.000000000015,17187.5,2187.4999999999854
2019-08-27,1.49,131.140625,37500.00000000004,-35937.5,1562.5000000000364
2019-08-28,1.47,131.359375,15000.000000000015,-21875.0,-6874.999999999985
2019-08-29,1.5,130.953125,-22500.00000000002,40625.0,18124.99999999998
2019-08-30,1.5,131.046875,-0.0,-9375.0,-9375.0
2019-09-03,1.47,131.453125,22500.00000000002,-40625.0,-18124.99999999998
2019-09-04,1.47,131.609375,-0.0,-15625.0,-15625.0
2019-09-05,1.57,130.65625,-75000.00000000007,95312.5,20312.499999999927
2019-09-06,1.55,130.734375,15000.000000000015,-7812.5,7187.500000000015
2019-09-09,1.63,130.25,-59999.99999999988,48437.5,-11562.499999999884
2019-09-10,1.72,129.5625,-67500.00000000006,68750.0,1249.9999999999418
2019-09-11,1.75,129.34375,-22500.00000000002,21875.0,-625.0000000000182
2019-09-12,1.79,128.890625,-30000.00000000003,45312.5,15312.49999999997
2019-09-13,1.9,128.078125,-82499.99999999991,81250.0,-1249.9999999999127
2019-09-16,1.84,128.53125,44999.999999999876,-45312.5,-312.5000000001237
2019-09-17,1.81,128.71875,22500.00000000002,-18750.0,3750.000000000018
2019-09-27,1.69,130.390625,7500.000000000007,-10937.5,-3437.4999999999927
2019-09-30,1.68,130.3125,7500.000000000007,7812.5,15312.500000000007
2019-10-01,1.65,130.65625,22500.00000000002,-34375.0,-11874.999999999982
2019-10-02,1.6,131.140625,37499.99999999987,-48437.5,-10937.500000000131
2019-10-03,1.54,131.75,45000.00000000004,-60937.5,-15937.499999999964
2019-10-04,1.52,131.90625,15000.000000000015,-15625.0,-624.9999999999854
2019-10-07,1.56,131.515625,-30000.00000000003,39062.5,9062.49999999997
2019-10-08,1.54,131.703125,15000.000000000015,-18750.0,-3749.9999999999854
2019-10-09,1.59,131.28125,-37500.00000000004,42187.5,4687.499999999964
2019-10-10,1.67,130.703125,-59999.99999999988,57812.5,-2187.4999999998836
2019-10-11,1.76,129.875,-67500.00000000006,82812.5,15312.499999999942
2019-10-15,1.77,129.765625,-7500.000000000007,10937.5,3437.4999999999927
2019-10-16,1.75,129.984375,15000.000000000015,-21875.0,-6874.999999999985
2019-10-17,1.76,129.90625,-7500.000000000007,7812.5,312.4999999999927
2019-10-18,1.76,130.03125,-0.0,-12500.0,-12500.0
2019-10-21,1.8,129.625,-30000.00000000003,40625.0,10624.99999999997
2019-10-22,1.78,129.8125,15000.000000000015,-18750.0,-3749.9999999999854
2019-10-23,1.77,129.859375,7500.000000000007,-4687.5,2812.5000000000073
2019-10-24,1.77,129.84375,-0.0,1562.5,1562.5
2019-10-25,1.8,129.53125,-22500.00000000002,31250.0,8749.999999999982
2019-10-28,1.85,129.15625,-37500.00000000004,37500.0,-3.637978807091713e-11
2019-10-29,1.84,129.265625,7500.000000000007,-10937.5,-3437.4999999999927
2019-10-30,1.78,129.484375,45000.00000000004,-21875.0,23125.000000000036
2019-10-31,1.69,130.296875,67500.00000000006,-81250.0,-13749.999999999942
2019-11-01,1.73,130.015625,-30000.00000000003,28125.0,-1875.000000000029
2019-11-04,1.79,129.578125,-45000.00000000004,43750.0,-1250.0000000000364
2019-11-05,1.86,128.921875,-52500.000000000044,65625.0,13124.999999999956
2019-11-06,1.81,129.328125,37500.00000000004,-40625.0,-3124.9999999999636
2019-11-07,1.92,128.390625,-82499.99999999991,93750.0,11250.000000000087
2019-11-08,1.94,128.390625,-15000.000000000015,-0.0,-15000.000000000015
2019-11-12,1.92,128.53125,15000.000000000015,-14062.5,937.5000000000146
2019-11-13,1.88,128.890625,30000.00000000003,-35937.5,-5937.499999999971
2019-11-14,1.82,129.34375,44999.999999999876,-45312.5,-312.5000000001237
2019-11-15,1.84,129.140625,-15000.000000000015,20312.5,5312.499999999985
2019-11-18,1.81,129.328125,22500.00000000002,-18750.0,3750.000000000018
2019-11-19,1.79,129.4375,15000.000000000015,-10937.5,4062.5000000000146
2019-11-20,1.73,129.796875,45000.00000000004,-35937.5,9062.500000000036
2019-11-21,1.77,129.484375,-30000.00000000003,31250.0,1249.999999999971
2019-11-22,1.77,129.453125,-0.0,3125.0,3125.0
2019-11-25,1.76,129.515625,7500.000000000007,-6250.0,1250.0000000000073
2019-11-26,1.74,129.6875,15000.000000000015,-17187.5,-2187.4999999999854
2019-11-27,1.77,129.375,-22500.00000000002,31250.0,8749.999999999982
2019-11-29,1.78,129.296875,-7500.000000000007,7812.5,312.4999999999927
2019-12-02,1.83,128.890625,-37500.00000000004,40625.0,3124.9999999999636
2019-12-03,1.72,129.96875,82500.00000000007,-107812.5,-25312.499999999927
2019-12-04,1.77,129.40625,-37500.00000000004,56250.0,18749.999999999964
2019-12-05,1.8,129.3125,-22500.00000000002,9375.0,-13125.000000000018
2019-12-06,1.84,128.90625,-30000.00000000003,40625.0,10624.99999999997
2019-12-09,1.83,129.0,7500.000000000007,-9375.0,-1874.9999999999927
2019-12-10,1.85,128.9375,-15000.000000000015,6250.0,-8750.000000000015
2019-12-11,1.79,129.296875,45000.00000000004,-35937.5,9062.500000000036
2019-12-12,1.9,128.4375,-82499.99999999991,85937.5,3437.5000000000873
2019-12-13,1.82,129.09375,59999.99999999988,-65625.0,-5625.000000000116
2019-12-16,1.89,128.53125,-52499.999999999876,56250.0,3750.0000000001237
2019-12-17,1.89,128.578125,-0.0,-4687.5,-4687.5
2019-12-27,1.88,128.65625,15000.000000000015,-28125.0,-13124.999999999985
2019-12-30,1.9,128.53125,-15000.000000000015,12500.0,-2500.0000000000146
2019-12-31,1.92,128.421875,-15000.000000000015,10937.5,-4062.5000000000146
2020-01-02,1.88,128.625,30000.00000000003,-20312.5,9687.50000000003
2020-01-03,1.8,129.390625,59999.99999999988,-76562.5,-16562.500000000116
2020-01-06,1.81,129.25,-7500.000000000007,14062.5,6562.499999999993
2020-01-07,1.83,129.15625,-15000.000000000015,9375.0,-5625.000000000015
2020-01-08,1.87,128.765625,-30000.00000000003,39062.5,9062.49999999997
2020-01-09,1.85,128.890625,15000.000000000015,-12500.0,2500.0000000000146
2020-01-10,1.83,129.078125,15000.000000000015,-18750.0,-3749.9999999999854
2020-01-13,1.85,128.921875,-15000.000000000015,15625.0,624.9999999999854
2020-01-14,1.82,129.140625,22500.00000000002,-21875.0,625.0000000000182
2020-01-15,1.79,129.34375,22500.00000000002,-20312.5,2187.500000000018
2020-01-16,1.81,129.15625,-15000.000000000015,18750.0,3749.9999999999854
2020-01-17,1.84,129.046875,-22500.00000000002,10937.5,-11562.500000000018
2020-01-21,1.78,129.578125,45000.00000000004,-53125.0,-8124.999999999964
2020-01-22,1.77,129.546875,7500.000000000007,3125.0,10625.000000000007
2020-01-23,1.74,129.78125,22500.00000000002,-23437.5,-937.4999999999818
2020-01-24,1.7,130.28125,30000.00000000003,-50000.0,-19999.99999999997
2020-01-27,1.61,130.890625,67499.9999999999,-60937.5,6562.499999999898
2020-01-28,1.65,130.609375,-29999.999999999858,28125.0,-1874.9999999998581
2020-01-29,1.6,131.015625,37499.99999999987,-40625.0,-3125.000000000131
2020-01-30,1.57,131.3125,22500.00000000002,-29687.5,-7187.499999999982
2020-01-31,1.51,131.65625,45000.00000000004,-34375.0,10625.000000000036
2020-02-03,1.54,131.578125,-22500.00000000002,7812.5,-14687.500000000018
2020-02-04,1.61,130.890625,-52500.000000000044,68750.0,16249.999999999956
2020-02-05,1.66,130.546875,-37499.99999999987,34375.0,-3124.999999999869
2020-02-06,1.65,130.5625,7500.000000000007,-1562.5,5937.500000000007
2020-02-07,1.59,131.078125,44999.999999999876,-51562.5,-6562.500000000124
2020-02-10,1.56,131.359375,22500.00000000002,-28125.0,-5624.999999999982
2020-02-11,1.59,131.0,-22500.00000000002,35937.5,13437.499999999982
2020-02-12,1.62,130.6875,-22500.00000000002,31250.0,8749.999999999982
2020-02-13,1.61,130.765625,7500.000000000007,-7812.5,-312.4999999999927
2020-02-14,1.59,130.984375,15000.000000000015,-21875.0,-6874.999999999985
2020-02-18,1.55,131.203125,30000.00000000003,-21875.0,8125.000000000029
2020-02-19,1.56,131.078125,-7500.000000000007,12500.0,4999.999999999993
2020-02-20,1.52,131.4375,30000.00000000003,-35937.5,-5937.499999999971
2020-02-21,1.46,131.859375,45000.00000000004,-42187.5,2812.5000000000364
2020-02-24,1.38,132.65625,60000.00000000006,-79687.5,-19687.49999999994
2020-02-25,1.33,133.125,37499.99999999987,-46875.0,-9375.000000000131
2020-02-26,1.33,133.328125,-0.0,-20312.5,-20312.5
2020-02-27,1.3,133.4375,22500.00000000002,-10937.5,11562.500000000018
2020-02-28,1.13,134.84375,127500.00000000012,-140625.0,-13124.999999999884
2020-03-02,1.1,135.265625,22499.99999999985,-42187.5,-19687.50000000015
2020-03-03,1.02,136.0,60000.00000000006,-73437.5,-13437.499999999942
2020-03-04,1.02,136.25,-0.0,-25000.0,-25000.0
2020-03-05,0.92,136.765625,74999.99999999999,-51562.5,23437.499999999985
2020-03-06,0.74,138.046875,135000.00000000006,-128125.0,6875.000000000058
2020-03-09,0.54,139.296875,149999.99999999997,-125000.0,24999.99999999997
2020-03-10,0.76,137.546875,-164999.99999999997,175000.0,10000.00000000003
2020-03-11,0.82,137.140625,-44999.999999999956,40625.0,-4374.999999999956
2020-03-12,0.88,136.890625,-45000.00000000004,25000.0,-20000.000000000036
2020-03-13,0.94,135.796875,-44999.999999999956,109375.0,64375.000000000044
2020-03-16,0.73,138.0625,157499.99999999997,-226562.5,-69062.50000000003
2020-03-17,1.02,136.0625,-217500.00000000006,200000.0,-17500.00000000006
2020-03-27,0.72,138.265625,82499.99999999999,-53125.0,29374.999999999985
2020-03-30,0.7,138.828125,15000.000000000015,-56250.0,-41249.999999999985
2020-03-31,0.7,138.6875,-0.0,14062.5,14062.5
2020-04-01,0.62,138.984375,59999.99999999996,-29687.5,30312.499999999964
2020-04-02,0.63,138.890625,-7500.000000000007,9375.0,1874.9999999999927
2020-04-03,0.62,139.140625,7500.000000000007,-25000.0,-17499.999999999993
2020-04-06,0.67,138.40625,-37500.00000000004,73437.5,35937.49999999996
2020-04-07,0.75,137.90625,-59999.99999999996,50000.0,-9999.999999999964
2020-04-08,0.77,137.84375,-15000.000000000015,6250.0,-8750.000000000015
2020-04-09,0.73,138.25,30000.00000000003,-40625.0,-10624.99999999997
2020-04-13,0.76,138.078125,-22500.00000000002,17187.5,-5312.500000000018
2020-04-14,0.76,138.21875,-0.0,-14062.5,-14062.5
2020-04-15,0.63,139.15625,97500.0,-93750.0,3750.0
2020-04-16,0.61,139.234375,15000.000000000015,-7812.5,7187.500000000015
2020-04-17,0.65,138.890625,-30000.00000000003,34375.0,4374.999999999971
2020-04-20,0.63,139.109375,15000.000000000015,-21875.0,-6874.999999999985
2020-04-21,0.58,139.390625,37500.00000000004,-28125.0,9375.000000000036
2020-04-22,0.63,139.046875,-37500.00000000004,34375.0,-3125.0000000000364
2020-04-23,0.61,139.015625,15000.000000000015,3125.0,18125.000000000015
2020-04-24,0.6,139.109375,7500.000000000007,-9375.0,-1874.9999999999927
2020-04-27,0.67,138.65625,-52500.000000000044,45312.5,-7187.500000000044
2020-04-28,0.62,139.015625,37500.00000000004,-35937.5,1562.5000000000364
2020-04-29,0.63,138.96875,-7500.000000000007,4687.5,-2812.5000000000073
2020-04-30,0.64,139.0625,-7500.000000000007,-9375.0,-16875.000000000007
2020-05-01,0.64,138.875,-0.0,18750.0,18750.0
2020-05-04,0.64,138.96875,-0.0,-9375.0,-9375.0
2020-05-05,0.66,138.859375,-15000.000000000015,10937.5,-4062.5000000000146
2020-05-06,0.72,138.546875,-44999.999999999956,31250.0,-13749.999999999956
2020-05-07,0.63,139.296875,67499.99999999997,-75000.0,-7500.000000000029
2020-05-08,0.69,138.953125,-44999.999999999956,34375.0,-10624.999999999956
2020-05-11,0.73,138.625,-30000.00000000003,32812.5,2812.499999999971
2020-05-12,0.69,138.953125,30000.00000000003,-32812.5,-2812.499999999971
2020-05-13,0.64,139.21875,37499.99999999995,-26562.5,10937.499999999949
2020-05-14,0.63,139.421875,7500.000000000007,-20312.5,-12812.499999999993
2020-05-15,0.64,139.328125,-7500.000000000007,9375.0,1874.9999999999927
2020-05-18,0.73,138.59375,-67499.99999999997,73437.5,5937.500000000029
2020-05-19,0.7,138.859375,22500.00000000002,-26562.5,-4062.499999999982
2020-05-20,0.68,139.078125,14999.999999999929,-21875.0,-6875.000000000071
2020-05-21,0.68,139.0625,-0.0,1562.5,1562.5
2020-05-22,0.66,139.15625,15000.000000000015,-9375.0,5625.000000000015
2020-05-26,0.69,138.953125,-22499.999999999938,20312.5,-2187.499999999938
2020-05-27,0.68,139.125,7499.999999999924,-17187.5,-9687.500000000076
2020-05-28,0.7,138.953125,-14999.999999999929,17187.5,2187.500000000071
2020-05-29,0.65,139.375,37499.99999999995,-42187.5,-4687.500000000051
2020-06-01,0.66,139.328125,-7500.000000000007,4687.5,-2812.5000000000073
2020-06-02,0.68,139.1875,-15000.000000000015,14062.5,-937.5000000000146
2020-06-03,0.77,138.5625,-67499.99999999997,62500.0,-4999.999999999971
2020-06-04,0.82,138.203125,-37499.99999999995,35937.5,-1562.499999999949
2020-06-05,0.91,137.546875,-67500.00000000006,65625.0,-1875.0000000000582
2020-06-08,0.88,137.734375,22500.00000000002,-18750.0,3750.000000000018
2020-06-09,0.84,138.15625,30000.00000000003,-42187.5,-12187.49999999997
2020-06-10,0.75,138.875,67499.99999999997,-71875.0,-4375.000000000029
2020-06-11,0.66,139.421875,67499.99999999997,-54687.5,12812.49999999997
2020-06-12,0.71,139.109375,-37499.99999999995,31250.0,-6249.999999999949
2020-06-15,0.71,139.109375,-0.0,-0.0,-0.0
2020-06-16,0.75,138.796875,-30000.00000000003,31250.0,1249.999999999971
2020-06-17,0.74,138.96875,7500.000000000007,-17187.5,-9687.499999999993
2020-06-29,0.64,139.328125,-0.0,-10937.5,-10937.5
2020-06-30,0.66,139.171875,-15000.000000000015,15625.0,624.9999999999854
2020-07-01,0.69,138.953125,-22499.999999999938,21875.0,-624.9999999999382
2020-07-02,0.68,139.09375,7499.999999999924,-14062.5,-6562.500000000076
2020-07-06,0.69,138.984375,-7499.999999999924,10937.5,3437.5000000000764
2020-07-07,0.65,139.203125,29999.99999999994,-21875.0,8124.999999999942
2020-07-08,0.67,139.1875,-15000.000000000015,1562.5,-13437.500000000015
2020-07-09,0.62,139.5,37500.00000000004,-31250.0,6250.000000000036
2020-07-10,0.65,139.21875,-22500.00000000002,28125.0,5624.999999999982
2020-07-13,0.64,139.21875,7500.000000000007,-0.0,7500.000000000007
2020-07-14,0.63,139.421875,7500.000000000007,-20312.5,-12812.499999999993
2020-07-15,0.64,139.34375,-7500.000000000007,7812.5,312.4999999999927
2020-07-16,0.62,139.484375,15000.000000000015,-14062.5,937.5000000000146
2020-07-17,0.64,139.359375,-15000.000000000015,12500.0,-2500.0000000000146
2020-07-20,0.62,139.390625,15000.000000000015,-3125.0,11875.000000000015
2020-07-21,0.61,139.515625,7500.000000000007,-12500.0,-4999.999999999993
2020-07-22,0.6,139.5625,7500.000000000007,-4687.5,2812.5000000000073
2020-07-23,0.59,139.625,7500.000000000007,-6250.0,1250.0000000000073
2020-07-24,0.59,139.578125,-0.0,4687.5,4687.5
2020-07-27,0.62,139.46875,-22500.00000000002,10937.5,-11562.500000000018
2020-07-28,0.59,139.703125,22500.00000000002,-23437.5,-937.4999999999818
2020-07-29,0.58,139.75,7500.000000000007,-4687.5,2812.5000000000073
2020-07-30,0.55,140.015625,22499.999999999938,-26562.5,-4062.500000000062
2020-07-31,0.55,140.078125,-0.0,-6250.0,-6250.0
2020-08-03,0.56,139.9375,-7500.000000000007,14062.5,6562.499999999993
2020-08-04,0.52,140.328125,30000.00000000003,-39062.5,-9062.49999999997
2020-08-05,0.55,140.078125,-22500.00000000002,25000.0,2499.999999999982
2020-08-06,0.55,140.15625,-0.0,-7812.5,-7812.5
2020-08-07,0.57,139.953125,-14999.999999999929,20312.5,5312.500000000071
2020-08-10,0.59,139.875,-15000.000000000015,7812.5,-7187.500000000015
2020-08-11,0.64,139.25,-37500.00000000004,62500.0,24999.999999999964
2020-08-12,0.69,139.1875,-37499.99999999995,6250.0,-31249.99999999995
2020-08-13,0.71,138.96875,-15000.000000000015,21875.0,6874.999999999985
2020-08-14,0.71,139.125,-0.0,-15625.0,-15625.0
2020-08-17,0.69,139.328125,15000.000000000015,-20312.5,-5312.499999999985
2020-08-18,0.67,139.390625,14999.999999999929,-6250.0,8749.999999999929
2020-08-19,0.68,139.375,-7500.000000000007,1562.5,-5937.500000000007
2020-08-20,0.65,139.5625,22500.00000000002,-18750.0,3750.000000000018
2020-08-21,0.64,139.5625,7500.000000000007,-0.0,7500.000000000007
2020-08-24,0.65,139.515625,-7500.000000000007,4687.5,-2812.5000000000073
2020-08-25,0.69,139.3125,-29999.99999999994,20312.5,-9687.499999999942
2020-08-26,0.69,139.3125,-0.0,-0.0,-0.0
2020-08-27,0.74,138.96875,-37500.00000000004,34375.0,-3125.0000000000364
2020-08-28,0.74,139.25,-0.0,-28125.0,-28125.0
2020-08-31,0.72,139.40625,15000.000000000015,-15625.0,-624.9999999999854
2020-09-01,0.68,139.578125,29999.99999999994,-17187.5,12812.499999999942
2020-09-02,0.66,139.703125,15000.000000000015,-12500.0,2500.0000000000146
2020-09-03,0.63,139.921875,22500.00000000002,-21875.0,625.0000000000182
2020-09-04,0.72,139.203125,-67499.99999999997,71875.0,4375.000000000029
2020-09-08,0.69,139.5625,22500.00000000002,-35937.5,-13437.499999999982
2020-09-09,0.71,139.46875,-15000.000000000015,9375.0,-5625.000000000015
2020-09-10,0.68,139.59375,22499.999999999938,-12500.0,9999.999999999938
2020-09-11,0.67,139.765625,7500.000000000007,-17187.5,-9687.499999999993
2020-09-14,0.68,139.734375,-7500.000000000007,3125.0,-4375.000000000007
2020-09-15,0.68,139.671875,-0.0,6250.0,6250.0
2020-09-16,0.69,139.640625,-7499.999999999924,3125.0,-4374.999999999924
2020-09-17,0.69,139.640625,-0.0,-0.0,-0.0
2020-09-28,0.67,139.625,-7500.000000000007,1562.5,-5937.500000000007
2020-09-29,0.66,139.78125,7500.000000000007,-15625.0,-8124.999999999993
2020-09-30,0.69,139.53125,-22499.999999999938,25000.0,2500.000000000062
2020-10-01,0.68,139.546875,7499.999999999924,-1562.5,5937.499999999924
2020-10-02,0.7,139.4375,-14999.999999999929,10937.5,-4062.499999999929
2020-10-05,0.78,138.921875,-60000.00000000006,51562.5,-8437.500000000058
2020-10-06,0.76,139.046875,15000.000000000015,-12500.0,2500.0000000000146
2020-10-07,0.81,138.71875,-37500.00000000004,32812.5,-4687.500000000036
2020-10-08,0.78,138.921875,22500.00000000002,-20312.5,2187.500000000018
2020-10-09,0.79,138.828125,-7500.000000000007,9375.0,1874.9999999999927
2020-10-13,0.74,139.203125,37500.00000000004,-37500.0,3.637978807091713e-11
2020-10-14,0.73,139.21875,7500.000000000007,-1562.5,5937.500000000007
2020-10-15,0.74,139.125,-7500.000000000007,9375.0,1874.9999999999927
2020-10-16,0.76,139.0625,-15000.000000000015,6250.0,-8750.000000000015
2020-10-19,0.78,138.921875,-15000.000000000015,14062.5,-937.5000000000146
2020-10-20,0.81,138.703125,-22500.00000000002,21875.0,-625.0000000000182
2020-10-21,0.83,138.578125,-14999.999999999929,12500.0,-2499.999999999929
2020-10-22,0.87,138.328125,-30000.00000000003,25000.0,-5000.000000000029
2020-10-23,0.85,138.359375,15000.000000000015,-3125.0,11875.000000000015
2020-10-26,0.81,138.640625,29999.99999999994,-28125.0,1874.9999999999418
2020-10-27,0.79,138.84375,15000.000000000015,-20312.5,-5312.499999999985
2020-10-28,0.79,138.796875,-0.0,4687.5,4687.5
2020-10-29,0.85,138.40625,-44999.999999999956,39062.5,-5937.499999999956
2020-10-30,0.88,138.21875,-22500.00000000002,18750.0,-3750.000000000018
2020-11-02,0.87,138.296875,7500.000000000007,-7812.5,-312.4999999999927
2020-11-03,0.9,138.09375,-22500.00000000002,20312.5,-2187.500000000018
2020-11-04,0.78,138.984375,90000.0,-89062.5,937.5
2020-11-05,0.79,138.875,-7500.000000000007,10937.5,3437.4999999999927
2020-11-06,0.83,138.546875,-29999.99999999994,32812.5,2812.500000000058
2020-11-09,0.96,137.578125,-97500.0,96875.0,-625.0
2020-11-10,0.98,137.4375,-15000.000000000015,14062.5,-937.5000000000146
2020-11-12,0.88,138.15625,74999.99999999999,-71875.0,3124.9999999999854
2020-11-13,0.89,138.109375,-7500.000000000007,4687.5,-2812.5000000000073
2020-11-16,0.91,138.03125,-15000.000000000015,7812.5,-7187.500000000015
2020-11-17,0.87,138.296875,30000.00000000003,-26562.5,3437.500000000029
2020-11-18,0.88,138.1875,-7500.000000000007,10937.5,3437.4999999999927
2020-11-19,0.86,138.359375,15000.000000000015,-17187.5,-2187.4999999999854
2020-11-20,0.83,138.5,22500.00000000002,-14062.5,8437.500000000018
2020-11-23,0.86,138.3125,-22500.00000000002,18750.0,-3750.000000000018
2020-11-24,0.88,138.25,-15000.000000000015,6250.0,-8750.000000000015
2020-11-25,0.88,138.265625,-0.0,-1562.5,-1562.5
2020-11-27,0.84,138.546875,30000.00000000003,-28125.0,1875.000000000029
2020-11-30,0.84,138.53125,-0.0,1562.5,1562.5
2020-12-01,0.92,137.84375,-60000.00000000006,68750.0,8749.999999999942
2020-12-02,0.95,137.84375,-22499.999999999938,-0.0,-22499.999999999938
2020-12-03,0.92,138.078125,22499.999999999938,-23437.5,-937.5000000000618
2020-12-04,0.97,137.8125,-37499.99999999995,26562.5,-10937.499999999949
2020-12-07,0.94,138.140625,22500.00000000002,-32812.5,-10312.499999999982
2020-12-08,0.92,138.21875,14999.999999999929,-7812.5,7187.499999999929
2020-12-09,0.95,138.046875,-22499.999999999938,17187.5,-5312.499999999938
2020-12-10,0.92,138.3125,22499.999999999938,-26562.5,-4062.500000000062
2020-12-11,0.9,138.5,15000.000000000015,-18750.0,-3749.9999999999854
2020-12-14,0.9,138.5,-0.0,-0.0,-0.0
2020-12-15,0.92,138.296875,-15000.000000000015,20312.5,5312.499999999985
2020-12-16,0.92,138.328125,-0.0,-3125.0,-3125.0
2020-12-17,0.94,138.296875,-14999.999999999929,3125.0,-11874.999999999929
2020-12-28,0.94,137.921875,-0.0,-4687.5,-4687.5
2020-12-29,0.94,137.921875,-0.0,-0.0,-0.0
2020-12-30,0.93,137.96875,7499.999999999924,-4687.5,2812.4999999999236
2020-12-31,0.93,138.078125,-0.0,-10937.5,-10937.5
2021-01-04,0.93,138.125,-0.0,-4687.5,-4687.5
2021-01-05,0.96,137.84375,-22499.999999999938,28125.0,5625.000000000062
2021-01-06,1.04,137.203125,-60000.00000000006,64062.5,4062.499999999942
2021-01-07,1.08,136.953125,-30000.00000000003,25000.0,-5000.000000000029
2021-01-08,1.13,136.65625,-37499.99999999987,29687.5,-7812.499999999869
2021-01-11,1.15,136.421875,-15000.000000000015,23437.5,8437.499999999985
2021-01-12,1.15,136.390625,-0.0,3125.0,3125.0
2021-01-13,1.1,136.765625,37499.99999999987,-37500.0,-1.3096723705530167e-10
2021-01-14,1.15,136.5625,-37499.99999999987,20312.5,-17187.49999999987
2021-01-15,1.11,136.859375,29999.999999999858,-29687.5,312.4999999998581
2021-01-19,1.1,136.9375,7500.000000000007,-7812.5,-312.4999999999927
2021-01-20,1.1,136.96875,-0.0,-3125.0,-3125.0
2021-01-21,1.12,136.890625,-15000.000000000015,7812.5,-7187.500000000015
2021-01-22,1.1,137.03125,15000.000000000015,-14062.5,937.5000000000146
2021-01-25,1.05,137.375,37500.00000000004,-34375.0,3125.0000000000364
2021-01-26,1.05,137.375,-0.0,-0.0,-0.0
2021-01-27,1.04,137.53125,7500.000000000007,-15625.0,-8124.999999999993
2021-01-28,1.07,137.25,-22500.00000000002,28125.0,5624.999999999982
2021-01-29,1.11,137.03125,-30000.00000000003,21875.0,-8125.000000000029
2021-02-01,1.09,137.1875,15000.000000000015,-15625.0,-624.9999999999854
2021-02-02,1.12,136.9375,-22500.00000000002,25000.0,2499.999999999982
2021-02-03,1.15,136.796875,-22499.99999999985,14062.5,-8437.49999999985
2021-02-04,1.15,136.796875,-0.0,-0.0,-0.0
2021-02-05,1.19,136.6875,-30000.00000000003,10937.5,-19062.50000000003
2021-02-08,1.19,136.6875,-0.0,-0.0,-0.0
2021-02-09,1.18,136.71875,7500.000000000007,-3125.0,4375.000000000007
2021-02-10,1.15,136.921875,22500.00000000002,-20312.5,2187.500000000018
2021-02-11,1.16,136.859375,-7500.000000000007,6250.0,-1250.0000000000073
2021-02-12,1.2,136.546875,-30000.00000000003,31250.0,1249.999999999971
2021-02-16,1.3,135.78125,-75000.00000000007,76562.5,1562.4999999999272
2021-02-17,1.29,135.75,7500.000000000007,3125.0,10625.000000000007
2021-02-18,1.29,135.859375,-0.0,-10937.5,-10937.5
2021-02-19,1.34,135.453125,-37500.00000000004,40625.0,3124.9999999999636
2021-02-22,1.37,135.328125,-22500.00000000002,12500.0,-10000.000000000018
2021-02-23,1.37,135.421875,-0.0,-9375.0,-9375.0
2021-02-24,1.38,135.15625,-7499.999999999841,26562.5,19062.50000000016
2021-02-25,1.54,133.671875,-120000.00000000012,148437.5,28437.499999999884
2021-02-26,1.44,133.796875,75000.00000000007,-12500.0,62500.00000000007
2021-03-01,1.45,134.28125,-7500.000000000007,-48437.5,-55937.50000000001
2021-03-02,1.42,134.640625,22500.00000000002,-35937.5,-13437.499999999982
2021-03-03,1.47,134.140625,-37500.00000000004,50000.0,12499.999999999964
2021-03-04,1.54,133.5,-52500.000000000044,64062.5,11562.499999999956
2021-03-05,1.56,133.453125,-15000.000000000015,4687.5,-10312.500000000015
2021-03-08,1.59,132.984375,-22500.00000000002,46875.0,24374.99999999998
2021-03-09,1.55,133.40625,30000.00000000003,-42187.5,-12187.49999999997
2021-03-10,1.53,133.625,15000.000000000015,-21875.0,-6874.999999999985
2021-03-11,1.54,133.71875,-7500.000000000007,-9375.0,-16875.000000000007
2021-03-12,1.64,132.90625,-74999.9999999999,81250.0,6250.000000000102
2021-03-15,1.62,133.078125,14999.999999999847,-17187.5,-2187.500000000153
2021-03-16,1.62,133.078125,-0.0,-0.0,-0.0
2021-03-17,1.63,133.234375,-7499.999999999841,-15625.0,-23124.99999999984
2021-03-29,1.73,131.359375,-45000.00000000004,40625.0,-4375.000000000036
2021-03-30,1.73,131.1875,-0.0,17187.5,17187.5
2021-03-31,1.74,130.9375,-7500.000000000007,25000.0,17499.999999999993
2021-04-01,1.69,131.421875,37500.00000000004,-48437.5,-10937.499999999964
2021-04-05,1.73,131.109375,-30000.00000000003,31250.0,1249.999999999971
2021-04-06,1.67,131.6875,45000.00000000004,-57812.5,-12812.499999999964
2021-04-07,1.68,131.828125,-7500.000000000007,-14062.5,-21562.500000000007
2021-04-08,1.64,132.0,30000.00000000003,-17187.5,12812.50000000003
2021-04-09,1.67,131.734375,-22500.00000000002,26562.5,4062.499999999982
2021-04-12,1.69,131.625,-15000.000000000015,10937.5,-4062.5000000000146
2021-04-13,1.64,132.078125,37500.00000000004,-45312.5,-7812.499999999964
2021-04-14,1.64,131.921875,-0.0,15625.0,15625.0
2021-04-15,1.56,132.65625,59999.99999999988,-73437.5,-13437.500000000116
2021-04-16,1.59,132.375,-22500.00000000002,28125.0,5624.999999999982
2021-04-19,1.61,132.234375,-15000.000000000015,14062.5,-937.5000000000146
2021-04-20,1.58,132.5625,22500.00000000002,-32812.5,-10312.499999999982
2021-04-21,1.57,132.53125,7500.000000000007,3125.0,10625.000000000007
2021-04-22,1.57,132.546875,-0.0,-1562.5,-1562.5
2021-04-23,1.58,132.4375,-7500.000000000007,10937.5,3437.4999999999927
2021-04-26,1.58,132.375,-0.0,6250.0,6250.0
2021-04-27,1.63,132.03125,-37499.99999999987,34375.0,-3124.999999999869
2021-04-28,1.63,132.09375,-0.0,-6250.0,-6250.0
2021-04-29,1.65,131.984375,-15000.000000000015,10937.5,-4062.5000000000146
2021-04-30,1.65,132.03125,-0.0,-4687.5,-4687.5
2021-05-03,1.63,132.328125,15000.000000000015,-29687.5,-14687.499999999985
2021-05-04,1.61,132.421875,14999.999999999847,-9375.0,5624.999999999847
2021-05-05,1.59,132.546875,15000.000000000015,-12500.0,2500.0000000000146
2021-05-06,1.58,132.671875,7500.000000000007,-12500.0,-4999.999999999993
2021-05-07,1.6,132.75,-15000.000000000015,-7812.5,-22812.500000000015
2021-05-10,1.63,132.609375,-22499.99999999985,14062.5,-8437.49999999985
2021-05-11,1.64,132.453125,-7500.000000000007,15625.0,8124.999999999993
2021-05-12,1.69,131.921875,-37500.00000000004,53125.0,15624.999999999964
2021-05-13,1.66,132.1875,22500.00000000002,-26562.5,-4062.499999999982
2021-05-14,1.63,132.40625,22500.00000000002,-21875.0,625.0000000000182
2021-05-17,1.64,132.34375,-7500.000000000007,6250.0,-1250.0000000000073
2021-05-18,1.64,132.390625,-0.0,-4687.5,-4687.5
2021-05-19,1.68,132.03125,-30000.00000000003,35937.5,5937.499999999971
2021-05-20,1.63,132.484375,37500.00000000004,-45312.5,-7812.499999999964
2021-05-21,1.63,132.4375,-0.0,4687.5,4687.5
2021-05-24,1.61,132.625,14999.999999999847,-18750.0,-3750.000000000153
2021-05-25,1.56,132.96875,37500.00000000004,-34375.0,3125.0000000000364
2021-05-26,1.58,132.90625,-15000.000000000015,6250.0,-8750.000000000015
2021-05-27,1.61,132.6875,-22500.00000000002,21875.0,-625.0000000000182
2021-05-28,1.58,132.859375,22500.00000000002,-17187.5,5312.500000000018
2021-06-01,1.62,132.734375,-30000.00000000003,12500.0,-17500.00000000003
2021-06-02,1.59,132.859375,22500.00000000002,-12500.0,10000.000000000018
2021-06-03,1.63,132.53125,-29999.999999999858,32812.5,2812.500000000142
2021-06-04,1.56,133.125,52499.999999999876,-59375.0,-6875.000000000124
2021-06-07,1.57,133.03125,-7500.000000000007,9375.0,1874.9999999999927
2021-06-08,1.53,133.359375,30000.00000000003,-32812.5,-2812.499999999971
2021-06-09,1.5,133.640625,22500.00000000002,-28125.0,-5624.999999999982
2021-06-10,1.45,133.796875,37500.00000000004,-15625.0,21875.000000000036
2021-06-11,1.47,133.703125,-15000.000000000015,9375.0,-5625.000000000015
2021-06-14,1.51,133.421875,-30000.00000000003,28125.0,-1875.000000000029
2021-06-15,1.51,133.4375,-0.0,-1562.5,-1562.5
2021-06-16,1.57,132.703125,-45000.00000000004,73437.5,28437.499999999964
2021-06-17,1.52,132.90625,37500.00000000004,-20312.5,17187.500000000036
2021-06-28,1.49,132.265625,37500.00000000004,-40625.0,-3124.9999999999636
2021-06-29,1.49,132.265625,-0.0,-0.0,-0.0
2021-06-30,1.45,132.5,30000.00000000003,-23437.5,6562.500000000029
2021-07-01,1.48,132.265625,-22500.00000000002,23437.5,937.4999999999818
2021-07-02,1.44,132.671875,30000.00000000003,-40625.0,-10624.99999999997
2021-07-06,1.37,133.21875,52499.999999999876,-54687.5,-2187.5000000001237
2021-07-07,1.33,133.546875,30000.00000000003,-32812.5,-2812.499999999971
2021-07-08,1.3,133.890625,22500.00000000002,-34375.0,-11874.999999999982
2021-07-09,1.37,133.421875,-52500.000000000044,46875.0,-5625.000000000044
2021-07-12,1.38,133.40625,-7499.999999999841,1562.5,-5937.499999999841
2021-07-13,1.42,132.984375,-30000.00000000003,42187.5,12187.49999999997
2021-07-14,1.37,133.453125,37499.99999999987,-46875.0,-9375.000000000131
2021-07-15,1.31,133.796875,45000.00000000004,-34375.0,10625.000000000036
2021-07-16,1.31,133.78125,-0.0,1562.5,1562.5
2021-07-19,1.19,134.6875,90000.00000000007,-90625.0,-624.9999999999272
2021-07-20,1.23,134.671875,-30000.00000000003,1562.5,-28437.50000000003
2021-07-21,1.3,134.109375,-52500.000000000044,56250.0,3749.9999999999563
2021-07-22,1.27,134.25,22500.00000000002,-14062.5,8437.500000000018
2021-07-23,1.3,134.140625,-22500.00000000002,10937.5,-11562.500000000018
2021-07-26,1.29,134.203125,7500.000000000007,-6250.0,1250.0000000000073
2021-07-27,1.25,134.46875,30000.00000000003,-26562.5,3437.500000000029
2021-07-28,1.26,134.265625,-7500.000000000007,20312.5,12812.499999999993
2021-07-29,1.28,134.21875,-15000.000000000015,4687.5,-10312.500000000015
2021-07-30,1.24,134.453125,30000.00000000003,-23437.5,6562.500000000029
2021-08-02,1.2,135.0,30000.00000000003,-54687.5,-24687.49999999997
2021-08-03,1.19,135.0,7500.000000000007,-0.0,7500.000000000007
2021-08-04,1.19,134.828125,-0.0,17187.5,17187.5
2021-08-05,1.23,134.5,-30000.00000000003,32812.5,2812.499999999971
2021-08-06,1.31,134.0,-60000.00000000006,50000.0,-10000.000000000058
2021-08-09,1.33,133.78125,-15000.000000000015,21875.0,6874.999999999985
2021-08-10,1.36,133.546875,-22500.00000000002,23437.5,937.4999999999818
2021-08-11,1.35,133.578125,7500.000000000007,-3125.0,4375.000000000007
2021-08-12,1.36,133.453125,-7500.000000000007,12500.0,4999.999999999993
2021-08-13,1.29,133.953125,52500.000000000044,-50000.0,2500.0000000000437
2021-08-16,1.26,134.328125,22500.00000000002,-37500.0,-14999.999999999982
2021-08-17,1.26,134.265625,-0.0,6250.0,6250.0
2021-08-18,1.27,134.140625,-7500.000000000007,12500.0,4999.999999999993
2021-08-19,1.24,134.328125,22500.00000000002,-18750.0,3750.000000000018
2021-08-20,1.26,134.125,-15000.000000000015,20312.5,5312.499999999985
2021-08-23,1.25,134.21875,7500.000000000007,-9375.0,-1874.9999999999927
2021-08-24,1.29,133.984375,-30000.00000000003,23437.5,-6562.500000000029
2021-08-25,1.35,133.625,-45000.00000000004,35937.5,-9062.500000000036
2021-08-26,1.34,133.59375,7500.000000000007,3125.0,10625.000000000007
2021-08-27,1.31,133.890625,22500.00000000002,-29687.5,-7187.499999999982
2021-08-30,1.29,134.125,15000.000000000015,-23437.5,-8437.499999999985
2021-08-31,1.3,134.046875,-7500.000000000007,7812.5,312.4999999999927
2021-09-01,1.31,134.046875,-7500.000000000007,-0.0,-7500.000000000007
2021-09-02,1.29,134.125,15000.000000000015,-7812.5,7187.500000000015
2021-09-03,1.33,134.0,-30000.00000000003,12500.0,-17500.00000000003
2021-09-07,1.38,133.625,-37499.99999999987,37500.0,1.3096723705530167e-10
2021-09-08,1.35,133.859375,22499.99999999985,-23437.5,-937.5000000001492
2021-09-09,1.3,134.09375,37500.00000000004,-23437.5,14062.500000000036
2021-09-10,1.35,133.765625,-37500.00000000004,32812.5,-4687.500000000036
2021-09-13,1.33,133.921875,15000.000000000015,-15625.0,-624.9999999999854
2021-09-14,1.28,134.203125,37500.00000000004,-28125.0,9375.000000000036
2021-09-15,1.31,134.0,-22500.00000000002,20312.5,-2187.500000000018
2021-09-16,1.34,133.703125,-22500.00000000002,29687.5,7187.499999999982
2021-09-17,1.37,133.40625,-22500.00000000002,29687.5,7187.499999999982
2021-09-27,1.48,131.796875,-7500.000000000007,21875.0,14374.999999999993
2021-09-28,1.54,131.46875,-45000.00000000004,32812.5,-12187.500000000036
2021-09-29,1.55,131.46875,-7500.000000000007,-0.0,-7500.000000000007
2021-09-30,1.52,131.609375,22500.00000000002,-14062.5,8437.500000000018
2021-10-01,1.48,132.171875,30000.00000000003,-56250.0,-26249.99999999997
2021-10-04,1.49,132.078125,-7500.000000000007,9375.0,1874.9999999999927
2021-10-05,1.54,131.734375,-37500.00000000004,34375.0,-3125.0000000000364
2021-10-06,1.53,131.71875,7500.000000000007,1562.5,9062.500000000007
2021-10-07,1.58,131.390625,-37500.00000000004,32812.5,-4687.500000000036
2021-10-08,1.61,131.140625,-22500.00000000002,25000.0,2499.999999999982
2021-10-12,1.59,131.140625,15000.000000000015,-0.0,15000.000000000015
2021-10-13,1.56,131.21875,22500.00000000002,-7812.5,14687.500000000018
2021-10-14,1.52,131.5,30000.00000000003,-28125.0,1875.000000000029
2021-10-15,1.59,130.96875,-52500.000000000044,53125.0,624.9999999999563
2021-10-18,1.59,130.765625,-0.0,20312.5,20312.5
2021-10-19,1.65,130.5625,-44999.999999999876,20312.5,-24687.499999999876
2021-10-20,1.65,130.640625,-0.0,-7812.5,-7812.5
2021-10-21,1.68,130.1875,-22500.00000000002,45312.5,22812.49999999998
2021-10-22,1.66,130.34375,15000.000000000015,-15625.0,-624.9999999999854
2021-10-25,1.64,130.5625,15000.000000000015,-21875.0,-6874.999999999985
2021-10-26,1.63,130.609375,7500.000000000007,-4687.5,2812.5000000000073
2021-10-27,1.54,131.171875,67499.9999999999,-56250.0,11249.999999999898
2021-10-28,1.57,130.75,-22500.00000000002,42187.5,19687.49999999998
2021-10-29,1.55,130.703125,15000.000000000015,4687.5,19687.500000000015
2021-11-01,1.58,130.65625,-22500.00000000002,4687.5,-17812.50000000002
2021-11-02,1.56,130.96875,15000.000000000015,-31250.0,-16249.999999999985
2021-11-03,1.6,130.765625,-30000.00000000003,20312.5,-9687.50000000003
2021-11-04,1.53,131.3125,52500.000000000044,-54687.5,-2187.4999999999563
2021-11-05,1.45,131.828125,60000.00000000006,-51562.5,8437.500000000058
2021-11-08,1.51,131.296875,-45000.00000000004,53125.0,8124.999999999964
2021-11-09,1.46,131.84375,37500.00000000004,-54687.5,-17187.499999999964
2021-11-10,1.56,130.734375,-75000.00000000007,110937.5,35937.49999999993
2021-11-12,1.58,130.53125,-15000.000000000015,20312.5,5312.499999999985
2021-11-15,1.63,130.296875,-37499.99999999987,23437.5,-14062.499999999869
2021-11-16,1.63,130.171875,-0.0,12500.0,12500.0
2021-11-17,1.6,130.453125,22499.99999999985,-28125.0,-5625.000000000149
2021-11-18,1.59,130.578125,7500.000000000007,-12500.0,-4999.999999999993
2021-11-19,1.54,130.875,37500.00000000004,-29687.5,7812.500000000036
2021-11-22,1.63,130.0,-67499.9999999999,87500.0,20000.000000000102
2021-11-23,1.67,129.78125,-30000.00000000003,21875.0,-8125.000000000029
2021-11-24,1.64,129.828125,22500.00000000002,-4687.5,17812.50000000002
2021-11-26,1.48,131.171875,119999.99999999993,-134375.0,-14375.000000000073
2021-11-29,1.52,131.046875,-30000.00000000003,12500.0,-17500.00000000003
2021-11-30,1.43,131.546875,67500.00000000006,-50000.0,17500.00000000006
2021-12-01,1.43,131.640625,-0.0,-9375.0,-9375.0
2021-12-02,1.44,131.3125,-7500.000000000007,32812.5,25312.499999999993
2021-12-03,1.35,132.125,67499.9999999999,-81250.0,-13750.000000000102
2021-12-06,1.43,131.34375,-59999.99999999988,78125.0,18125.000000000116
2021-12-07,1.48,131.03125,-37500.00000000004,31250.0,-6250.000000000036
2021-12-08,1.52,130.921875,-30000.00000000003,10937.5,-19062.50000000003
2021-12-09,1.49,131.078125,22500.00000000002,-15625.0,6875.000000000018
2021-12-10,1.48,131.09375,7500.000000000007,-1562.5,5937.500000000007
2021-12-13,1.42,131.515625,45000.00000000004,-42187.5,2812.5000000000364
2021-12-14,1.44,131.296875,-15000.000000000015,21875.0,6874.999999999985
2021-12-15,1.47,131.15625,-22500.00000000002,14062.5,-8437.500000000018
2021-12-16,1.44,131.765625,22500.00000000002,-60937.5,-38437.499999999985
2021-12-17,1.41,131.828125,22500.00000000002,-6250.0,16250.000000000018
2021-12-27,1.48,130.5625,15000.000000000015,-1562.5,13437.500000000015
2021-12-28,1.49,130.609375,-7500.000000000007,-4687.5,-12187.500000000007
2021-12-29,1.55,130.21875,-45000.00000000004,39062.5,-5937.500000000036
2021-12-30,1.52,130.40625,22500.00000000002,-18750.0,3750.000000000018
2021-12-31,1.52,130.46875,-0.0,-6250.0,-6250.0
2022-01-03,1.63,129.4375,-82499.99999999991,103125.0,20625.000000000087
2022-01-04,1.66,129.28125,-22500.00000000002,15625.0,-6875.000000000018
2022-01-05,1.71,128.84375,-37500.00000000004,43750.0,6249.999999999964
2022-01-06,1.73,128.53125,-15000.000000000015,31250.0,16249.999999999985
2022-01-07,1.76,128.296875,-22500.00000000002,23437.5,937.4999999999818
2022-01-10,1.78,128.140625,-15000.000000000015,15625.0,624.9999999999854
2022-01-11,1.75,128.390625,22500.00000000002,-25000.0,-2499.999999999982
2022-01-12,1.74,128.578125,7500.000000000007,-18750.0,-11249.999999999993
2022-01-13,1.7,128.71875,30000.00000000003,-14062.5,15937.50000000003
2022-01-14,1.78,128.1875,-60000.00000000006,53125.0,-6875.000000000058
2022-01-18,1.87,127.375,-67500.00000000006,81250.0,13749.999999999942
2022-01-19,1.83,127.671875,30000.00000000003,-29687.5,312.5000000000291
2022-01-20,1.83,127.703125,-0.0,-3125.0,-3125.0
2022-01-21,1.75,128.3125,60000.00000000006,-60937.5,-937.4999999999418
2022-01-24,1.75,128.515625,-0.0,-20312.5,-20312.5
2022-01-25,1.78,128.125,-22500.00000000002,39062.5,16562.49999999998
2022-01-26,1.85,127.515625,-52500.000000000044,60937.5,8437.499999999956
2022-01-27,1.81,127.65625,30000.00000000003,-14062.5,15937.50000000003
2022-01-28,1.78,127.953125,22500.00000000002,-29687.5,-7187.499999999982
2022-01-31,1.79,127.96875,-7500.000000000007,-1562.5,-9062.500000000007
2022-02-01,1.81,127.875,-15000.000000000015,9375.0,-5625.000000000015
2022-02-02,1.78,128.125,22500.00000000002,-25000.0,-2499.999999999982
2022-02-03,1.82,127.640625,-30000.00000000003,48437.5,18437.49999999997
2022-02-04,1.93,126.765625,-82499.99999999991,87500.0,5000.000000000087
2022-02-07,1.92,126.90625,7500.000000000007,-14062.5,-6562.499999999993
2022-02-08,1.96,126.578125,-30000.00000000003,32812.5,2812.499999999971
2022-02-09,1.94,126.75,15000.000000000015,-17187.5,-2187.4999999999854
2022-02-10,2.03,125.796875,-67499.9999999999,95312.5,27812.500000000102
2022-02-11,1.92,126.390625,82499.99999999991,-59375.0,23124.999999999913
2022-02-14,1.98,125.984375,-45000.00000000004,40625.0,-4375.000000000036
2022-02-15,2.05,125.734375,-52499.999999999876,25000.0,-27499.999999999876
2022-02-16,2.03,125.8125,15000.000000000015,-7812.5,7187.500000000015
2022-02-17,1.97,126.421875,44999.999999999876,-60937.5,-15937.500000000124
2022-02-18,1.92,126.671875,37500.00000000004,-25000.0,12500.000000000036
2022-02-22,1.94,126.46875,-15000.000000000015,20312.5,5312.499999999985
2022-02-23,1.99,126.28125,-37500.00000000004,18750.0,-18750.000000000036
2022-02-24,1.96,126.46875,22500.00000000002,-18750.0,3750.000000000018
2022-02-25,1.97,126.25,-7500.000000000007,21875.0,14374.999999999993
2022-02-28,1.83,127.453125,104999.99999999993,-120312.5,-15312.500000000073
2022-03-01,1.72,128.71875,82500.00000000007,-126562.5,-44062.49999999993
2022-03-02,1.86,127.3125,-105000.00000000009,140625.0,35624.99999999991
2022-03-03,1.86,127.5625,-0.0,-25000.0,-25000.0
2022-03-04,1.74,128.53125,90000.00000000007,-96875.0,-6874.999999999927
2022-03-07,1.78,128.078125,-30000.00000000003,45312.5,15312.49999999997
2022-03-08,1.86,127.171875,-60000.00000000006,90625.0,30624.99999999994
2022-03-09,1.94,126.59375,-59999.99999999988,57812.5,-2187.4999999998836
2022-03-10,1.98,126.09375,-30000.00000000003,50000.0,19999.99999999997
2022-03-11,2.0,126.015625,-15000.000000000015,7812.5,-7187.500000000015
2022-03-14,2.14,124.953125,-105000.00000000009,106250.0,1249.9999999999127
2022-03-15,2.15,124.8125,-7499.999999999841,14062.5,6562.500000000159
2022-03-16,2.19,124.453125,-30000.00000000003,35937.5,5937.499999999971
2022-03-17,2.2,124.515625,-7500.000000000174,-6250.0,-13750.000000000175
2022-03-28,2.46,121.703125,15000.000000000015,-15625.0,-624.9999999999854
2022-03-29,2.41,122.328125,37499.99999999987,-62500.0,-25000.00000000013
2022-03-30,2.35,122.625,45000.00000000004,-29687.5,15312.500000000036
2022-03-31,2.32,122.875,22500.00000000019,-25000.0,-2499.999999999811
2022-04-01,2.39,122.234375,-52500.00000000022,64062.5,11562.499999999782
2022-04-04,2.42,122.09375,-22499.99999999985,14062.5,-8437.49999999985
2022-04-05,2.54,120.921875,-90000.00000000007,117187.5,27187.499999999927
2022-04-06,2.61,120.6875,-52499.999999999876,23437.5,-29062.499999999876
2022-04-07,2.66,120.546875,-37500.0000000002,14062.5,-23437.500000000196
2022-04-08,2.72,120.125,-45000.00000000004,42187.5,-2812.5000000000364
2022-04-11,2.79,119.75,-52499.999999999876,37500.0,-14999.999999999876
2022-04-12,2.72,120.5,52499.999999999876,-75000.0,-22500.000000000124
2022-04-13,2.7,120.796875,15000.000000000015,-29687.5,-14687.499999999985
2022-04-14,2.83,119.9375,-97499.99999999993,85937.5,-11562.499999999927
2022-04-18,2.85,119.640625,-15000.000000000015,29687.5,14687.499999999985
2022-04-19,2.93,119.109375,-60000.00000000006,53125.0,-6875.000000000058
2022-04-20,2.85,119.5,60000.00000000006,-39062.5,20937.50000000006
2022-04-21,2.9,118.75,-37499.99999999987,75000.0,37500.00000000013
2022-04-22,2.9,118.9375,-0.0,-18750.0,-18750.0
2022-04-25,2.81,119.609375,67499.9999999999,-67187.5,312.49999999989814
2022-04-26,2.77,120.046875,30000.00000000003,-43750.0,-13749.99999999997
2022-04-27,2.82,119.796875,-37499.99999999987,25000.0,-12499.999999999869
2022-04-28,2.85,119.359375,-22500.00000000019,43750.0,21249.99999999981
2022-04-29,2.89,119.15625,-30000.00000000003,20312.5,-9687.50000000003
2022-05-02,2.99,118.34375,-75000.00000000007,81250.0,6249.999999999927
2022-05-03,2.97,118.515625,15000.000000000015,-17187.5,-2187.4999999999854
2022-05-04,2.93,119.15625,30000.00000000003,-64062.5,-34062.49999999997
2022-05-05,3.05,118.0625,-89999.99999999975,109375.0,19375.000000000247
2022-05-06,3.12,117.796875,-52500.00000000022,26562.5,-25937.50000000022
2022-05-09,3.05,118.1875,52500.00000000022,-39062.5,13437.500000000218
2022-05-10,2.99,118.78125,44999.9999999997,-59375.0,-14375.000000000298
2022-05-11,2.91,119.265625,60000.00000000006,-48437.5,11562.500000000058
2022-05-12,2.84,120.0,52500.00000000022,-73437.5,-20937.49999999978
2022-05-13,2.93,119.171875,-67500.00000000023,82812.5,15312.499999999767
2022-05-16,2.88,119.671875,37500.0000000002,-50000.0,-12499.999999999804
2022-05-17,2.98,118.859375,-75000.00000000007,81250.0,6249.999999999927
2022-05-18,2.89,119.4375,67499.9999999999,-57812.5,9687.499999999898
2022-05-19,2.84,119.703125,37500.0000000002,-26562.5,10937.500000000196
2022-05-20,2.78,120.125,45000.00000000004,-42187.5,2812.5000000000364
2022-05-23,2.86,119.578125,-60000.00000000006,54687.5,-5312.500000000058
2022-05-24,2.76,120.375,75000.00000000007,-79687.5,-4687.499999999927
2022-05-25,2.75,120.59375,7499.999999999841,-21875.0,-14375.00000000016
2022-05-26,2.75,120.59375,-0.0,-0.0,-0.0
2022-05-27,2.74,120.484375,7499.999999999841,10937.5,18437.49999999984
2022-05-31,2.85,119.84375,-82499.99999999991,64062.5,-18437.499999999913
2022-06-01,2.94,119.046875,-67499.9999999999,79687.5,12187.500000000102
2022-06-02,2.92,119.28125,15000.000000000015,-23437.5,-8437.499999999985
2022-06-03,2.96,119.046875,-30000.00000000003,23437.5,-6562.500000000029
2022-06-06,3.04,118.453125,-60000.00000000006,59375.0,-625.0000000000582
2022-06-07,2.98,118.953125,45000.00000000004,-50000.0,-4999.999999999964
2022-06-08,3.03,118.609375,-37499.99999999987,34375.0,-3124.999999999869
2022-06-09,3.04,118.421875,-7500.000000000174,18750.0,11249.999999999825
2022-06-10,3.15,117.3125,-82499.99999999991,110937.5,28437.500000000087
2022-06-13,3.43,115.796875,-210000.00000000017,151562.5,-58437.500000000175
2022-06-14,3.49,114.96875,-45000.00000000004,82812.5,37812.49999999996
2022-06-15,3.33,115.6875,120000.00000000012,-71875.0,48125.00000000012
2022-06-16,3.28,116.34375,37500.0000000002,-65625.0,-28124.999999999804
2022-06-17,3.25,116.6875,22499.99999999985,-34375.0,-11875.00000000015
2022-06-27,3.2,116.8125,-52500.00000000022,53125.0,624.9999999997817
2022-06-28,3.2,116.703125,-0.0,10937.5,10937.5
2022-06-29,3.1,117.515625,75000.00000000007,-81250.0,-6249.999999999927
2022-06-30,2.98,118.53125,90000.00000000007,-101562.5,-11562.499999999927
2022-07-01,2.88,119.265625,75000.00000000007,-73437.5,1562.5000000000728
2022-07-05,2.82,119.921875,45000.00000000004,-65625.0,-20624.999999999964
2022-07-06,2.93,119.046875,-82500.00000000023,87500.0,4999.999999999767
2022-07-07,3.01,118.265625,-59999.999999999716,78125.0,18125.000000000284
2022-07-08,3.09,117.625,-60000.00000000006,64062.5,4062.499999999942
2022-07-11,2.99,118.375,74999.99999999974,-75000.0,-2.6193447411060333e-10
2022-07-12,2.96,118.65625,22500.00000000019,-28125.0,-5624.999999999811
2022-07-13,2.91,118.921875,37499.99999999987,-26562.5,10937.499999999869
2022-07-14,2.96,118.5,-37499.99999999987,42187.5,4687.500000000131
2022-07-15,2.93,118.640625,22499.99999999985,-14062.5,8437.49999999985
2022-07-18,2.96,118.46875,-22499.99999999985,17187.5,-5312.499999999851
2022-07-19,3.01,117.96875,-37499.99999999987,50000.0,12500.000000000131
2022-07-20,3.04,117.78125,-22500.00000000019,18750.0,-3750.000000000189
2022-07-21,2.91,118.90625,97499.99999999993,-112500.0,-15000.000000000073
2022-07-22,2.77,119.890625,105000.00000000009,-98437.5,6562.500000000087
2022-07-25,2.81,119.65625,-30000.00000000003,23437.5,-6562.500000000029
2022-07-26,2.81,119.859375,-0.0,-20312.5,-20312.5
2022-07-27,2.78,120.421875,22500.00000000019,-56250.0,-33749.99999999981
2022-07-28,2.68,120.984375,74999.99999999974,-56250.0,18749.999999999738
2022-07-29,2.67,121.140625,7500.000000000174,-15625.0,-8124.999999999826
2022-08-01,2.6,121.359375,52499.999999999876,-21875.0,30624.999999999876
2022-08-02,2.75,120.125,-112499.99999999993,123437.5,10937.500000000073
2022-08-03,2.73,120.09375,15000.000000000015,3125.0,18125.000000000015
2022-08-04,2.68,120.734375,37499.99999999987,-64062.5,-26562.50000000013
2022-08-05,2.83,119.375,-112499.99999999993,135937.5,23437.500000000073
2022-08-08,2.77,119.859375,45000.00000000004,-48437.5,-3437.4999999999636
2022-08-09,2.8,119.484375,-22499.99999999985,37500.0,15000.00000000015
2022-08-10,2.78,119.75,15000.000000000015,-26562.5,-11562.499999999985
2022-08-11,2.87,119.09375,-67500.00000000023,65625.0,-1875.0000000002328
2022-08-12,2.84,119.265625,22500.00000000019,-17187.5,5312.500000000189
2022-08-15,2.79,119.703125,37499.99999999987,-43750.0,-6250.000000000131
2022-08-16,2.82,119.390625,-22499.99999999985,31250.0,8750.00000000015
2022-08-17,2.89,118.765625,-52500.00000000022,62500.0,9999.999999999782
2022-08-18,2.88,118.84375,7500.000000000174,-7812.5,-312.4999999998263
2022-08-19,2.98,118.109375,-75000.00000000007,73437.5,-1562.5000000000728
2022-08-22,3.03,117.71875,-37499.99999999987,39062.5,1562.500000000131
2022-08-23,3.05,117.625,-15000.000000000015,9375.0,-5625.000000000015
2022-08-24,3.11,117.25,-45000.00000000004,37500.0,-7500.000000000036
2022-08-25,3.03,117.78125,60000.00000000006,-53125.0,6875.000000000058
2022-08-26,3.04,117.578125,-7500.000000000174,20312.5,12812.499999999825
2022-08-29,3.12,117.03125,-60000.00000000006,54687.5,-5312.500000000058
2022-08-30,3.11,117.0,7500.000000000174,3125.0,10625.000000000175
2022-08-31,3.15,116.875,-30000.00000000003,12500.0,-17500.00000000003
2022-09-01,3.26,115.984375,-82499.99999999991,89062.5,6562.500000000087
2022-09-02,3.2,116.65625,44999.9999999997,-67187.5,-22187.5000000003
2022-09-06,3.33,115.609375,-97499.99999999993,104687.5,7187.500000000073
2022-09-07,3.27,116.171875,45000.00000000004,-56250.0,-11249.999999999964
2022-09-08,3.29,115.96875,-15000.000000000015,20312.5,5312.499999999985
2022-09-09,3.33,115.734375,-30000.00000000003,23437.5,-6562.500000000029
2022-09-12,3.37,115.59375,-30000.00000000003,14062.5,-15937.50000000003
2022-09-13,3.42,114.921875,-37499.99999999987,67187.5,29687.50000000013
2022-09-14,3.41,114.953125,7499.999999999841,-3125.0,4374.999999999841
2022-09-15,3.45,114.484375,-30000.00000000003,46875.0,16874.99999999997
2022-09-16,3.45,114.75,-0.0,-26562.5,-26562.5
2022-09-27,3.97,110.890625,-67500.00000000023,46875.0,-20625.000000000233
2022-09-28,3.72,112.859375,187500.0,-196875.0,-9375.0
2022-09-29,3.76,112.453125,-29999.999999999694,40625.0,10625.000000000306
2022-09-30,3.83,112.0625,-52500.00000000022,39062.5,-13437.500000000218
2022-10-03,3.67,113.203125,120000.00000000012,-114062.5,5937.500000000116
2022-10-04,3.62,113.5,37499.99999999987,-29687.5,7812.499999999869
2022-10-05,3.76,112.53125,-104999.99999999975,96875.0,-8124.999999999753
2022-10-06,3.83,111.9375,-52500.00000000022,59375.0,6874.999999999782
2022-10-07,3.89,111.484375,-45000.00000000004,45312.5,312.4999999999636
2022-10-11,3.93,111.140625,-30000.00000000003,34375.0,4374.999999999971
2022-10-12,3.91,111.484375,15000.000000000015,-34375.0,-19374.999999999985
2022-10-13,3.97,111.015625,-45000.00000000004,46875.0,1874.9999999999636
2022-10-14,4.0,110.59375,-22499.99999999985,42187.5,19687.50000000015
2022-10-17,4.02,110.703125,-14999.999999999682,-10937.5,-25937.49999999968
2022-10-18,4.01,110.90625,7499.999999999841,-20312.5,-12812.50000000016
2022-10-19,4.14,110.0,-97499.99999999993,90625.0,-6874.999999999927
2022-10-20,4.24,109.359375,-75000.0000000004,64062.5,-10937.500000000393
2022-10-21,4.21,109.796875,22500.00000000019,-43750.0,-21249.99999999981
2022-10-24,4.25,109.734375,-30000.00000000003,6250.0,-23750.00000000003
2022-10-25,4.1,110.5625,112500.00000000028,-82812.5,29687.500000000276
2022-10-26,4.04,111.09375,44999.9999999997,-53125.0,-8125.000000000298
2022-10-27,3.96,111.6875,60000.00000000006,-59375.0,625.0000000000582
2022-10-28,4.02,111.0,-44999.9999999997,68750.0,23750.0000000003
2022-10-31,4.1,110.59375,-60000.00000000006,40625.0,-19375.00000000006
2022-11-01,4.07,110.578125,22499.99999999952,1562.5,24062.49999999952
2022-11-02,4.1,110.625,-22499.99999999952,-4687.5,-27187.49999999952
2022-11-03,4.14,110.03125,-30000.00000000003,59375.0,29374.99999999997
2022-11-04,4.17,110.046875,-22500.00000000019,-1562.5,-24062.50000000019
2022-11-07,4.22,109.640625,-37499.99999999987,40625.0,3125.000000000131
2022-11-08,4.14,110.28125,60000.00000000006,-64062.5,-4062.499999999942
2022-11-09,4.12,110.328125,14999.999999999682,-4687.5,10312.499999999682
2022-11-10,3.82,112.515625,225000.00000000017,-218750.0,6250.000000000175
2022-11-14,3.88,112.125,-45000.00000000004,39062.5,-5937.500000000036
2022-11-15,3.8,112.5625,60000.00000000006,-43750.0,16250.000000000058
2022-11-16,3.67,113.203125,97499.99999999993,-64062.5,33437.49999999993
2022-11-17,3.77,112.625,-75000.00000000007,57812.5,-17187.500000000073
2022-11-18,3.82,112.296875,-37499.99999999987,32812.5,-4687.499999999869
2022-11-21,3.83,112.3125,-7500.000000000174,-1562.5,-9062.500000000175
2022-11-22,3.76,112.609375,52500.00000000022,-29687.5,22812.50000000022
2022-11-23,3.71,112.953125,37499.99999999987,-34375.0,3124.999999999869
2022-11-25,3.68,113.03125,22499.99999999985,-7812.5,14687.49999999985
2022-11-28,3.69,112.921875,-7499.999999999841,10937.5,3437.500000000159
2022-11-29,3.75,112.71875,-45000.00000000004,20312.5,-24687.500000000036
2022-11-30,3.68,113.21875,52499.999999999876,-50000.0,2499.9999999998763
2022-12-01,3.53,114.296875,112500.00000000028,-107812.5,4687.5000000002765
2022-12-02,3.51,114.359375,15000.000000000015,-6250.0,8750.000000000015
2022-12-05,3.6,113.59375,-67500.00000000023,76562.5,9062.499999999767
2022-12-06,3.51,114.09375,67500.00000000023,-50000.0,17500.000000000233
2022-12-07,3.42,114.859375,67499.9999999999,-76562.5,-9062.500000000102
2022-12-08,3.48,114.1875,-45000.00000000004,67187.5,22187.499999999964
2022-12-09,3.57,113.828125,-67499.9999999999,35937.5,-31562.499999999898
2022-12-12,3.61,113.59375,-30000.00000000003,23437.5,-6562.500000000029
2022-12-13,3.51,114.53125,75000.00000000007,-93750.0,-18749.999999999927
2022-12-14,3.49,114.453125,14999.999999999682,7812.5,22812.49999999968
2022-12-15,3.44,114.703125,37500.0000000002,-25000.0,12500.000000000196
2022-12-16,3.48,114.671875,-30000.00000000003,3125.0,-26875.00000000003
2022-12-27,3.84,112.328125,-67499.9999999999,75000.0,7500.000000000102
2022-12-28,3.88,112.1875,-30000.00000000003,14062.5,-15937.50000000003
2022-12-29,3.83,112.4375,37499.99999999987,-25000.0,12499.999999999869
2022-12-30,3.88,112.296875,-37499.99999999987,14062.5,-23437.49999999987
2023-01-03,3.79,112.640625,67499.9999999999,-34375.0,33124.9999999999
2023-01-04,3.69,113.1875,75000.00000000007,-54687.5,20312.500000000073
2023-01-05,3.71,113.015625,-15000.000000000015,17187.5,2187.4999999999854
2023-01-06,3.55,114.21875,120000.00000000012,-120312.5,-312.4999999998836
2023-01-09,3.53,114.625,15000.000000000015,-40625.0,-25624.999999999985
2023-01-10,3.61,114.0,-60000.00000000006,62500.0,2499.999999999942
2023-01-11,3.54,114.4375,52499.999999999876,-43750.0,8749.999999999876
2023-01-12,3.43,115.234375,82499.99999999991,-79687.5,2812.4999999999127
2023-01-13,3.49,114.765625,-45000.00000000004,46875.0,1874.9999999999636
2023-01-17,3.53,114.671875,-29999.999999999694,9375.0,-20624.999999999694
2023-01-18,3.37,115.90625,119999.99999999977,-123437.5,-3437.500000000233
2023-01-19,3.39,115.640625,-15000.000000000015,26562.5,11562.499999999985
2023-01-20,3.48,115.0625,-67499.9999999999,57812.5,-9687.499999999898
2023-01-23,3.52,114.6875,-30000.00000000003,37500.0,7499.999999999971
2023-01-24,3.46,115.03125,45000.00000000004,-34375.0,10625.000000000036
2023-01-25,3.46,115.140625,-0.0,-10937.5,-10937.5
2023-01-26,3.49,114.859375,-22500.00000000019,28125.0,5624.999999999811
2023-01-27,3.52,114.609375,-22499.99999999985,25000.0,2500.000000000149
2023-01-30,3.55,114.28125,-22499.99999999985,32812.5,10312.50000000015
2023-01-31,3.52,114.515625,22499.99999999985,-23437.5,-937.5000000001492
2023-02-01,3.39,115.484375,97499.99999999993,-96875.0,624.9999999999272
2023-02-02,3.4,115.546875,-7499.999999999841,-6250.0,-13749.99999999984
2023-02-03,3.53,114.421875,-97499.99999999993,112500.0,15000.000000000073
2023-02-06,3.63,113.5,-75000.00000000007,92187.5,17187.499999999927
2023-02-07,3.67,113.234375,-30000.00000000003,26562.5,-3437.500000000029
2023-02-08,3.63,113.40625,30000.00000000003,-17187.5,12812.50000000003
2023-02-09,3.67,113.03125,-30000.00000000003,37500.0,7499.999999999971
2023-02-10,3.74,112.6875,-52500.00000000022,34375.0,-18125.00000000022
2023-02-13,3.72,112.78125,15000.000000000015,-9375.0,5625.000000000015
2023-02-14,3.77,112.328125,-37499.99999999987,45312.5,7812.500000000131
2023-02-15,3.81,112.046875,-30000.00000000003,28125.0,-1875.000000000029
2023-02-16,3.86,111.890625,-37499.99999999987,15625.0,-21874.99999999987
2023-02-17,3.82,112.0,30000.00000000003,-10937.5,19062.50000000003
2023-02-21,3.95,111.0625,-97500.00000000025,93750.0,-3750.0000000002474
2023-02-22,3.93,111.203125,15000.000000000015,-14062.5,937.5000000000146
2023-02-23,3.88,111.4375,37500.0000000002,-23437.5,14062.500000000196
2023-02-24,3.95,110.921875,-52500.00000000022,51562.5,-937.5000000002183
2023-02-27,3.92,111.140625,22500.00000000019,-21875.0,625.0000000001892
2023-02-28,3.92,111.171875,-0.0,-3125.0,-3125.0
2023-03-01,4.01,110.5625,-67499.9999999999,60937.5,-6562.499999999898
2023-03-02,4.08,110.09375,-52500.00000000022,46875.0,-5625.000000000218
2023-03-03,3.97,110.65625,82499.99999999991,-56250.0,26249.999999999913
2023-03-06,3.98,110.5625,-7499.999999999841,9375.0,1875.0000000001592
2023-03-07,3.97,110.515625,7499.999999999841,4687.5,12187.49999999984
2023-03-08,3.98,110.453125,-7499.999999999841,6250.0,-1249.9999999998408
2023-03-09,3.93,111.015625,37499.99999999987,-56250.0,-18750.00000000013
2023-03-10,3.7,112.625,172499.99999999997,-160937.5,11562.49999999997
2023-03-13,3.55,114.140625,112500.00000000028,-151562.5,-39062.49999999972
2023-03-14,3.64,113.34375,-67500.00000000023,79687.5,12187.499999999767
2023-03-15,3.51,114.53125,97500.00000000025,-118750.0,-21249.999999999753
2023-03-16,3.56,113.65625,-37500.0000000002,87500.0,49999.9999999998
2023-03-17,3.39,115.125,127499.99999999996,-146875.0,-19375.000000000044
2023-03-27,3.53,114.984375,-112499.99999999993,112500.0,7.275957614183426e-11
2023-03-28,3.55,114.640625,-15000.000000000015,34375.0,19374.999999999985
2023-03-29,3.57,114.53125,-15000.000000000015,10937.5,-4062.5000000000146
2023-03-30,3.55,114.578125,15000.000000000015,-4687.5,10312.500000000015
2023-03-31,3.48,114.921875,52499.999999999876,-34375.0,18124.999999999876
2023-04-03,3.43,115.453125,37499.99999999987,-53125.0,-15625.000000000131
2023-04-04,3.35,116.25,60000.00000000006,-79687.5,-19687.49999999994
2023-04-05,3.3,116.578125,37500.0000000002,-32812.5,4687.500000000196
2023-04-06,3.3,116.546875,-0.0,3125.0,3125.0
2023-04-10,3.41,115.515625,-82500.00000000023,103125.0,20624.999999999767
2023-04-11,3.43,115.375,-15000.000000000015,14062.5,-937.5000000000146
2023-04-12,3.41,115.703125,15000.000000000015,-32812.5,-17812.499999999985
2023-04-13,3.45,115.453125,-30000.00000000003,25000.0,-5000.000000000029
2023-04-14,3.52,114.859375,-52499.999999999876,59375.0,6875.000000000124
2023-04-17,3.6,114.359375,-60000.00000000006,50000.0,-10000.000000000058
2023-04-18,3.58,114.484375,15000.000000000015,-12500.0,2500.0000000000146
2023-04-19,3.6,114.1875,-15000.000000000015,29687.5,14687.499999999985
2023-04-20,3.54,114.65625,45000.00000000004,-46875.0,-1874.9999999999636
2023-04-21,3.57,114.46875,-22499.99999999985,18750.0,-3749.999999999851
2023-04-24,3.52,114.875,37499.99999999987,-40625.0,-3125.000000000131
2023-04-25,3.4,115.796875,90000.00000000007,-92187.5,-2187.4999999999272
2023-04-26,3.43,115.546875,-22500.00000000019,25000.0,2499.999999999811
2023-04-27,3.53,114.734375,-74999.99999999974,81250.0,6250.000000000262
2023-04-28,3.44,115.203125,67499.9999999999,-46875.0,20624.999999999898
2023-05-01,3.59,114.5,-112499.99999999993,70312.5,-42187.49999999993
2023-05-02,3.44,115.5625,112499.99999999993,-106250.0,6249.999999999927
2023-05-03,3.38,115.90625,45000.00000000004,-34375.0,10625.000000000036
2023-05-04,3.37,116.5625,7499.999999999841,-65625.0,-58125.00000000016
2023-05-05,3.44,115.71875,-52499.999999999876,84375.0,31875.000000000124
2023-05-08,3.52,115.171875,-60000.00000000006,54687.5,-5312.500000000058
2023-05-09,3.53,115.1875,-7499.999999999841,-1562.5,-9062.49999999984
2023-05-10,3.43,115.90625,74999.99999999974,-71875.0,3124.999999999738
2023-05-11,3.39,116.046875,30000.00000000003,-14062.5,15937.50000000003
2023-05-12,3.46,115.4375,-52499.999999999876,60937.5,8437.500000000124
2023-05-15,3.5,115.234375,-30000.00000000003,20312.5,-9687.50000000003
2023-05-16,3.54,114.921875,-30000.00000000003,31250.0,1249.999999999971
2023-05-17,3.57,114.578125,-22499.99999999985,34375.0,11875.00000000015
2023-05-18,3.65,113.921875,-60000.00000000006,65625.0,5624.999999999942
2023-05-19,3.7,113.5625,-37500.0000000002,35937.5,-1562.5000000001965
2023-05-22,3.72,113.46875,-15000.000000000015,9375.0,-5625.000000000015
2023-05-23,3.7,113.609375,15000.000000000015,-14062.5,937.5000000000146
2023-05-24,3.73,113.421875,-22499.99999999985,18750.0,-3749.999999999851
2023-05-25,3.83,112.625,-75000.00000000007,79687.5,4687.499999999927
2023-05-26,3.8,112.40625,22500.00000000019,21875.0,44375.00000000019
2023-05-30,3.69,113.171875,82499.99999999991,-76562.5,5937.499999999913
2023-05-31,3.64,113.625,37499.99999999987,-45312.5,-7812.500000000131
2023-06-01,3.61,113.921875,22500.00000000019,-29687.5,-7187.499999999811
2023-06-02,3.69,113.046875,-60000.00000000006,87500.0,27499.99999999994
2023-06-05,3.69,113.109375,-0.0,-6250.0,-6250.0
2023-06-06,3.7,113.03125,-7500.000000000174,7812.5,312.4999999998263
2023-06-07,3.79,112.53125,-67499.9999999999,50000.0,-17499.999999999898
2023-06-08,3.73,113.03125,45000.00000000004,-50000.0,-4999.999999999964
2023-06-09,3.75,112.65625,-15000.000000000015,37500.0,22499.999999999985
2023-06-12,3.73,112.703125,15000.000000000015,-4687.5,10312.500000000015
2023-06-13,3.84,112.015625,-82499.99999999991,68750.0,-13749.999999999913
2023-06-14,3.83,112.203125,7499.999999999841,-18750.0,-11250.00000000016
2023-06-15,3.72,112.828125,82499.99999999991,-62500.0,19999.999999999913
2023-06-16,3.77,112.40625,-37499.99999999987,42187.5,4687.500000000131
2023-06-27,3.77,112.828125,-37499.99999999987,40625.0,3125.000000000131
2023-06-28,3.71,113.25,45000.00000000004,-42187.5,2812.5000000000364
2023-06-29,3.85,112.125,-105000.00000000009,112500.0,7499.999999999913
2023-06-30,3.81,112.265625,30000.00000000003,-14062.5,15937.50000000003
2023-07-03,3.86,111.9375,-37499.99999999987,32812.5,-4687.499999999869
2023-07-05,3.95,111.359375,-67500.00000000023,57812.5,-9687.500000000233
2023-07-06,4.05,110.609375,-74999.99999999974,75000.0,2.6193447411060333e-10
2023-07-07,4.06,110.671875,-7499.999999999841,-6250.0,-13749.99999999984
2023-07-10,4.01,111.140625,37499.99999999987,-46875.0,-9375.000000000131
2023-07-11,3.99,111.265625,14999.999999999682,-12500.0,2499.9999999996817
2023-07-12,3.86,112.265625,97500.00000000025,-100000.0,-2499.9999999997526
2023-07-13,3.76,113.046875,75000.00000000007,-78125.0,-3124.9999999999272
2023-07-14,3.83,112.5625,-52500.00000000022,48437.5,-4062.5000000002183
2023-07-17,3.81,112.71875,15000.000000000015,-15625.0,-624.9999999999854
2023-07-18,3.8,112.75,7500.000000000174,-3125.0,4375.000000000174
2023-07-19,3.75,113.0,37499.99999999987,-25000.0,12499.999999999869
2023-07-20,3.85,112.140625,-75000.00000000007,85937.5,10937.499999999927
2023-07-21,3.84,112.234375,7500.000000000174,-9375.0,-1874.9999999998263
2023-07-24,3.86,112.0625,-15000.000000000015,17187.5,2187.4999999999854
2023-07-25,3.91,111.609375,-37500.0000000002,45312.5,7812.499999999804
2023-07-26,3.86,112.140625,37500.0000000002,-53125.0,-15624.999999999804
2023-07-27,4.01,111.015625,-112499.99999999993,112500.0,7.275957614183426e-11
2023-07-28,3.96,111.34375,37499.99999999987,-32812.5,4687.499999999869
2023-07-31,3.97,111.40625,-7500.000000000174,-6250.0,-13750.000000000175
2023-08-01,4.05,110.875,-59999.999999999716,53125.0,-6874.999999999716
2023-08-02,4.08,110.796875,-22500.00000000019,7812.5,-14687.50000000019
2023-08-03,4.2,110.234375,-90000.00000000007,56250.0,-33750.00000000007
2023-08-04,4.05,111.140625,112500.00000000028,-90625.0,21875.000000000276
2023-08-07,4.09,111.125,-30000.00000000003,1562.5,-28437.50000000003
2023-08-08,4.02,111.40625,52500.00000000022,-28125.0,24375.00000000022
2023-08-09,4.0,111.390625,14999.999999999682,1562.5,16562.49999999968
2023-08-10,4.09,110.859375,-67499.9999999999,53125.0,-14374.999999999898
2023-08-11,4.16,110.1875,-52500.00000000022,67187.5,14687.499999999782
2023-08-14,4.19,110.0,-22500.00000000019,18750.0,-3750.000000000189
2023-08-15,4.21,109.765625,-14999.999999999682,23437.5,8437.500000000318
2023-08-16,4.28,109.5625,-52500.00000000022,20312.5,-32187.50000000022
2023-08-17,4.3,109.28125,-14999.999999999682,28125.0,13125.000000000318
2023-08-18,4.26,109.640625,30000.00000000003,-35937.5,-5937.499999999971
2023-08-21,4.34,109.078125,-60000.00000000006,56250.0,-3750.000000000058
2023-08-22,4.34,109.0625,-0.0,1562.5,1562.5
2023-08-23,4.19,109.90625,112499.99999999959,-84375.0,28124.999999999593
2023-08-24,4.23,109.59375,-30000.00000000003,31250.0,1249.999999999971
2023-08-25,4.25,109.4375,-14999.999999999682,15625.0,625.0000000003183
2023-08-28,4.2,109.640625,37499.99999999987,-20312.5,17187.49999999987
2023-08-29,4.12,110.328125,60000.00000000006,-68750.0,-8749.999999999942
2023-08-30,4.12,110.359375,-0.0,-3125.0,-3125.0
2023-08-31,4.09,110.5625,22500.00000000019,-20312.5,2187.500000000189
2023-09-01,4.18,110.15625,-67499.9999999999,40625.0,-26874.999999999898
2023-09-05,4.27,109.546875,-67499.9999999999,60937.5,-6562.499999999898
2023-09-06,4.3,109.28125,-22500.00000000019,26562.5,4062.499999999811
2023-09-07,4.27,109.609375,22500.00000000019,-32812.5,-10312.49999999981
2023-09-08,4.26,109.53125,7499.999999999841,7812.5,15312.49999999984
2023-09-11,4.29,109.40625,-22500.00000000019,12500.0,-10000.00000000019
2023-09-12,4.27,109.515625,15000.000000000347,-10937.5,4062.5000000003474
2023-09-13,4.25,109.640625,14999.999999999682,-12500.0,2499.9999999996817
2023-09-14,4.29,109.359375,-30000.00000000003,28125.0,-1875.000000000029
2023-09-15,4.33,109.171875,-30000.00000000003,18750.0,-11250.00000000003
2023-09-27,4.61,107.578125,-37500.00000000053,53125.0,15624.999999999469
2023-09-28,4.59,107.859375,15000.000000000347,-28125.0,-13124.999999999653
2023-09-29,4.59,108.0625,-0.0,-20312.5,-20312.5
2023-10-02,4.69,107.328125,-75000.0000000004,73437.5,-1562.500000000393
2023-10-03,4.81,106.640625,-89999.9999999994,68750.0,-21249.999999999403
2023-10-04,4.73,107.109375,59999.99999999939,-46875.0,13124.999999999389
2023-10-05,4.72,107.3125,7500.000000000506,-20312.5,-12812.499999999494
2023-10-06,4.78,106.84375,-45000.00000000038,46875.0,1874.9999999996217
2023-10-10,4.66,107.71875,90000.00000000007,-87500.0,2500.0000000000728
2023-10-11,4.58,107.9375,60000.00000000006,-21875.0,38125.00000000006
2023-10-12,4.7,107.234375,-90000.00000000007,70312.5,-19687.500000000073
2023-10-13,4.63,107.71875,52500.00000000022,-48437.5,4062.5000000002183
2023-10-16,4.71,107.203125,-60000.00000000006,51562.5,-8437.500000000058
2023-10-17,4.83,106.21875,-90000.00000000007,98437.5,8437.499999999927
2023-10-18,4.91,105.875,-60000.00000000006,34375.0,-25625.00000000006
2023-10-19,4.98,105.421875,-52500.00000000022,45312.5,-7187.500000000218
2023-10-20,4.93,106.0,37500.00000000053,-57812.5,-20312.49999999947
2023-10-23,4.86,106.484375,52499.99999999955,-48437.5,4062.499999999549
2023-10-24,4.83,106.359375,22500.00000000019,12500.0,35000.00000000019
2023-10-25,4.95,105.671875,-90000.00000000007,68750.0,-21250.000000000073
2023-10-26,4.86,106.34375,67499.9999999999,-67187.5,312.49999999989814
2023-10-27,4.84,106.421875,15000.000000000347,-7812.5,7187.500000000347
2023-10-30,4.88,106.21875,-30000.00000000003,20312.5,-9687.50000000003
2023-10-31,4.88,106.171875,-0.0,4687.5,4687.5
2023-11-01,4.77,106.859375,82500.00000000023,-68750.0,13750.000000000233
2023-11-02,4.67,107.484375,74999.99999999974,-62500.0,12499.999999999738
2023-11-03,4.57,108.359375,74999.99999999974,-87500.0,-12500.000000000262
2023-11-06,4.67,107.59375,-74999.99999999974,76562.5,1562.500000000262
2023-11-07,4.58,108.125,67499.9999999999,-53125.0,14374.999999999898
2023-11-08,4.49,108.328125,67499.9999999999,-20312.5,47187.4999999999
2023-11-09,4.62,107.53125,-97499.99999999993,79687.5,-17812.499999999927
2023-11-10,4.61,107.421875,7499.999999999841,10937.5,18437.49999999984
2023-11-13,4.63,107.4375,-14999.999999999682,-1562.5,-16562.49999999968
2023-11-14,4.44,108.90625,142499.99999999965,-146875.0,-4375.000000000349
2023-11-15,4.53,108.21875,-67499.9999999999,68750.0,1250.0000000001019
2023-11-16,4.45,108.859375,60000.00000000006,-64062.5,-4062.499999999942
2023-11-17,4.44,108.75,7499.999999999841,10937.5,18437.49999999984
2023-11-20,4.42,108.84375,15000.000000000347,-9375.0,5625.000000000347
2023-11-21,4.41,108.9375,7499.999999999841,-9375.0,-1875.0000000001592
2023-11-22,4.42,108.8125,-7499.999999999841,12500.0,5000.000000000159
2023-11-24,4.47,108.390625,-37499.99999999987,42187.5,4687.500000000131
2023-11-27,4.39,109.0,60000.00000000006,-60937.5,-937.4999999999418
2023-11-28,4.34,109.53125,37499.99999999987,-53125.0,-15625.000000000131
2023-11-29,4.27,109.9375,52500.00000000022,-40625.0,11875.000000000218
2023-11-30,4.37,109.46875,-75000.0000000004,46875.0,-28125.000000000393
2023-12-01,4.22,110.34375,112500.00000000028,-87500.0,25000.000000000276
2023-12-04,4.28,109.890625,-45000.00000000038,45312.5,312.49999999962165
2023-12-05,4.18,110.625,75000.0000000004,-73437.5,1562.500000000393
2023-12-06,4.12,110.8125,44999.9999999997,-18750.0,26249.9999999997
2023-12-07,4.14,110.84375,-14999.999999999682,-3125.0,-18124.99999999968
2023-12-08,4.23,109.96875,-67500.00000000055,87500.0,19999.999999999447
2023-12-11,4.23,110.03125,-0.0,-6250.0,-6250.0
2023-12-12,4.2,110.25,22500.00000000019,-21875.0,625.0000000001892
2023-12-13,4.04,111.609375,120000.00000000012,-135937.5,-15937.499999999884
2023-12-14,3.92,112.234375,90000.00000000007,-62500.0,27500.000000000073
2023-12-15,3.91,112.109375,7499.999999999841,12500.0,19999.99999999984
2023-12-27,3.79,113.328125,75000.00000000007,-60937.5,14062.500000000073
2023-12-28,3.84,112.890625,-37499.99999999987,43750.0,6250.000000000131
2023-12-29,3.88,112.890625,-30000.00000000003,-0.0,-30000.00000000003
2024-01-02,3.95,112.296875,-52500.00000000022,59375.0,6874.999999999782
2024-01-03,3.91,112.515625,30000.00000000003,-21875.0,8125.000000000029
2024-01-04,3.99,111.984375,-60000.00000000006,53125.0,-6875.000000000058
2024-01-05,4.05,111.71875,-44999.9999999997,26562.5,-18437.4999999997
2024-01-08,4.01,112.046875,30000.00000000003,-32812.5,-2812.499999999971
2024-01-09,4.02,111.90625,-7499.999999999841,14062.5,6562.500000000159
2024-01-10,4.04,111.875,-15000.000000000347,3125.0,-11875.000000000347
2024-01-11,3.98,112.34375,45000.00000000004,-46875.0,-1874.9999999999636
2024-01-12,3.96,112.59375,15000.000000000015,-25000.0,-9999.999999999985
2024-01-16,4.07,111.84375,-82500.00000000023,75000.0,-7500.000000000233
2024-01-17,4.1,111.421875,-22499.99999999952,42187.5,19687.50000000048
2024-01-18,4.14,111.203125,-30000.00000000003,21875.0,-8125.000000000029
2024-01-19,4.15,111.125,-7500.000000000506,7812.5,312.4999999994943
2024-01-22,4.11,111.5,30000.00000000003,-37500.0,-7499.999999999971
2024-01-23,4.14,111.21875,-22499.99999999952,28125.0,5625.00000000048
2024-01-24,4.18,110.96875,-30000.00000000003,25000.0,-5000.000000000029
2024-01-25,4.14,111.3125,30000.00000000003,-34375.0,-4374.999999999971
2024-01-26,4.15,111.03125,-7500.000000000506,28125.0,20624.999999999494
2024-01-29,4.08,111.515625,52500.00000000022,-48437.5,4062.5000000002183
2024-01-30,4.06,111.625,15000.000000000347,-10937.5,4062.5000000003474
2024-01-31,3.99,112.328125,52499.99999999955,-70312.5,-17812.50000000045
2024-02-01,3.87,112.890625,90000.00000000007,-56250.0,33750.00000000007
2024-02-02,4.03,111.65625,-120000.00000000012,123437.5,3437.4999999998836
2024-02-05,4.17,110.78125,-104999.99999999975,87500.0,-17499.999999999753
2024-02-06,4.09,111.28125,60000.00000000006,-50000.0,10000.000000000058
2024-02-07,4.09,111.1875,-0.0,9375.0,9375.0
2024-02-08,4.15,110.75,-45000.00000000038,43750.0,-1250.0000000003783
2024-02-09,4.17,110.578125,-14999.999999999682,17187.5,2187.5000000003183
2024-02-12,4.17,110.71875,-0.0,-14062.5,-14062.5
2024-02-13,4.31,109.625,-104999.99999999975,109375.0,4375.000000000247
2024-02-14,4.27,110.015625,30000.00000000003,-39062.5,-9062.49999999997
2024-02-15,4.24,110.171875,22499.99999999952,-15625.0,6874.99999999952
2024-02-16,4.3,109.75,-44999.9999999997,42187.5,-2812.4999999997017
2024-02-20,4.27,109.9375,22500.00000000019,-18750.0,3750.000000000189
2024-02-21,4.32,109.625,-37500.00000000053,31250.0,-6250.000000000531
2024-02-22,4.33,109.5,-7499.999999999841,12500.0,5000.000000000159
2024-02-23,4.26,109.875,52500.00000000022,-37500.0,15000.000000000218
2024-02-26,4.28,109.609375,-15000.000000000347,26562.5,11562.499999999653
2024-02-27,4.31,109.53125,-22499.99999999952,7812.5,-14687.49999999952
2024-02-28,4.27,109.8125,30000.00000000003,-28125.0,1875.000000000029
2024-02-29,4.25,109.921875,14999.999999999682,-10937.5,4062.4999999996817
2024-03-01,4.19,110.5,44999.9999999997,-57812.5,-12812.500000000298
2024-03-04,4.22,110.21875,-22499.99999999952,28125.0,5625.00000000048
2024-03-05,4.13,110.75,67499.9999999999,-53125.0,14374.999999999898
2024-03-06,4.11,110.921875,14999.999999999682,-17187.5,-2187.5000000003183
2024-03-07,4.09,111.078125,15000.000000000347,-15625.0,-624.9999999996526
2024-03-08,4.09,111.140625,-0.0,-6250.0,-6250.0
2024-03-11,4.1,111.015625,-7499.999999999841,12500.0,5000.000000000159
2024-03-12,4.16,110.609375,-45000.00000000038,40625.0,-4375.000000000378
2024-03-13,4.19,110.40625,-22500.00000000019,20312.5,-2187.500000000189
2024-03-14,4.29,109.734375,-74999.99999999974,67187.5,-7812.499999999738
2024-03-15,4.31,109.609375,-14999.999999999682,12500.0,-2499.9999999996817
2024-03-27,4.2,110.875,30000.00000000003,-23437.5,6562.500000000029
2024-03-28,4.2,110.796875,-0.0,7812.5,7812.5
2024-04-01,4.33,109.921875,-97499.99999999993,87500.0,-9999.999999999927
2024-04-02,4.36,109.71875,-22500.00000000019,20312.5,-2187.500000000189
2024-04-03,4.36,109.796875,-0.0,-7812.5,-7812.5
2024-04-04,4.31,110.125,37500.00000000053,-32812.5,4687.500000000531
2024-04-05,4.39,109.65625,-60000.00000000006,46875.0,-13125.000000000058
2024-04-08,4.42,109.265625,-22500.00000000019,39062.5,16562.49999999981
2024-04-09,4.36,109.640625,44999.9999999997,-37500.0,7499.999999999702
2024-04-10,4.55,108.203125,-142499.99999999965,143750.0,1250.0000000003492
2024-04-11,4.56,108.109375,-7499.999999999841,9375.0,1875.0000000001592
2024-04-12,4.5,108.6875,44999.9999999997,-57812.5,-12812.500000000298
2024-04-15,4.63,107.890625,-97499.99999999993,79687.5,-17812.499999999927
2024-04-16,4.67,107.671875,-30000.00000000003,21875.0,-8125.000000000029
2024-04-17,4.59,108.15625,60000.00000000006,-48437.5,11562.500000000058
2024-04-18,4.64,107.703125,-37499.99999999987,45312.5,7812.500000000131
2024-04-19,4.62,107.90625,14999.999999999682,-20312.5,-5312.500000000318
2024-04-22,4.62,107.859375,-0.0,4687.5,4687.5
2024-04-23,4.61,108.078125,7499.999999999841,-21875.0,-14375.00000000016
2024-04-24,4.65,107.734375,-30000.00000000003,34375.0,4374.999999999971
2024-04-25,4.7,107.359375,-37499.99999999987,37500.0,1.3096723705530167e-10
2024-04-26,4.67,107.578125,22500.00000000019,-21875.0,625.0000000001892
2024-04-29,4.63,107.953125,30000.00000000003,-37500.0,-7499.999999999971
2024-04-30,4.69,107.4375,-45000.00000000038,51562.5,6562.499999999622
2024-05-01,4.63,108.109375,45000.00000000038,-67187.5,-22187.49999999962
2024-05-02,4.58,108.359375,37499.99999999987,-25000.0,12499.999999999869
2024-05-03,4.5,108.859375,60000.00000000006,-50000.0,10000.000000000058
2024-05-06,4.49,108.890625,7499.999999999841,-3125.0,4374.999999999841
2024-05-07,4.47,109.015625,15000.000000000347,-12500.0,2500.0000000003474
2024-05-08,4.48,108.828125,-7500.000000000506,18750.0,11249.999999999494
2024-05-09,4.45,109.09375,22500.00000000019,-26562.5,-4062.499999999811
2024-05-10,4.5,108.703125,-37499.99999999987,39062.5,1562.500000000131
2024-05-13,4.48,108.828125,14999.999999999682,-12500.0,2499.9999999996817
2024-05-14,4.45,109.09375,22500.00000000019,-26562.5,-4062.499999999811
2024-05-15,4.36,109.71875,67499.9999999999,-62500.0,4999.999999999898
2024-05-16,4.38,109.484375,-14999.999999999682,23437.5,8437.500000000318
2024-05-17,4.42,109.1875,-30000.00000000003,29687.5,-312.5000000000291
2024-05-20,4.44,109.09375,-15000.000000000347,9375.0,-5625.000000000347
2024-05-21,4.41,109.234375,22500.00000000019,-14062.5,8437.50000000019
2024-05-22,4.43,109.03125,-14999.999999999682,20312.5,5312.500000000318
2024-05-23,4.47,108.71875,-30000.00000000003,31250.0,1249.999999999971
2024-05-24,4.46,108.703125,7499.999999999841,1562.5,9062.49999999984
2024-05-28,4.54,108.296875,-60000.00000000006,40625.0,-19375.00000000006
2024-05-29,4.61,107.765625,-52500.00000000022,53125.0,624.9999999997817
2024-05-30,4.55,108.234375,45000.00000000038,-46875.0,-1874.9999999996217
2024-05-31,4.51,108.484375,30000.00000000003,-25000.0,5000.000000000029
2024-06-03,4.41,109.25,74999.99999999974,-76562.5,-1562.500000000262
2024-06-04,4.33,109.703125,60000.00000000006,-45312.5,14687.500000000058
2024-06-05,4.29,109.984375,30000.00000000003,-28125.0,1875.000000000029
2024-06-06,4.28,110.0625,7499.999999999841,-7812.5,-312.50000000015916
2024-06-07,4.43,109.046875,-112499.99999999959,101562.5,-10937.499999999593
2024-06-10,4.47,108.828125,-30000.00000000003,21875.0,-8125.000000000029
2024-06-11,4.39,109.28125,60000.00000000006,-45312.5,14687.500000000058
2024-06-12,4.31,110.03125,60000.00000000006,-75000.0,-14999.999999999942
2024-06-13,4.24,110.421875,52499.99999999955,-39062.5,13437.499999999549
2024-06-14,4.2,110.46875,30000.00000000003,-4687.5,25312.50000000003
2024-06-17,4.28,110.0625,-60000.00000000006,40625.0,-19375.00000000006
2024-06-27,4.29,110.25,22500.00000000019,-18750.0,3750.000000000189
2024-06-28,4.36,109.984375,-52500.00000000022,26562.5,-25937.50000000022
2024-07-01,4.48,109.171875,-90000.00000000007,81250.0,-8750.000000000073
2024-07-02,4.43,109.46875,37500.00000000053,-29687.5,7812.500000000531
2024-07-03,4.36,110.046875,52499.99999999955,-57812.5,-5312.500000000451
2024-07-05,4.28,110.609375,60000.00000000006,-56250.0,3750.000000000058
2024-07-08,4.28,110.59375,-0.0,1562.5,1562.5
2024-07-09,4.3,110.40625,-14999.999999999682,18750.0,3750.0000000003183
2024-07-10,4.28,110.5,14999.999999999682,-9375.0,5624.999999999682
2024-07-11,4.2,111.15625,60000.00000000006,-65625.0,-5624.999999999942
2024-07-12,4.18,111.1875,15000.000000000347,-3125.0,11875.000000000347
2024-07-15,4.23,110.984375,-37500.00000000053,20312.5,-17187.50000000053
2024-07-16,4.17,111.328125,45000.00000000038,-34375.0,10625.000000000378
2024-07-17,4.16,111.4375,7499.999999999841,-10937.5,-3437.500000000159
2024-07-18,4.2,111.21875,-30000.00000000003,21875.0,-8125.000000000029
2024-07-19,4.25,110.828125,-37499.99999999987,39062.5,1562.500000000131
2024-07-22,4.26,110.71875,-7499.999999999841,10937.5,3437.500000000159
2024-07-23,4.25,110.875,7499.999999999841,-15625.0,-8125.000000000159
2024-07-24,4.28,110.671875,-22500.00000000019,20312.5,-2187.500000000189
2024-07-25,4.27,110.796875,7500.000000000506,-12500.0,-4999.999999999494
2024-07-26,4.2,111.203125,52499.99999999955,-40625.0,11874.999999999549
2024-07-29,4.17,111.34375,22500.00000000019,-14062.5,8437.50000000019
2024-07-30,4.15,111.5625,14999.999999999682,-21875.0,-6875.000000000318
2024-07-31,4.09,111.8125,45000.00000000038,-25000.0,20000.00000000038
2024-08-01,3.99,112.734375,74999.99999999974,-92187.5,-17187.500000000262
2024-08-02,3.8,114.140625,142500.0000000003,-140625.0,1875.000000000291
2024-08-05,3.78,114.078125,15000.000000000015,6250.0,21250.000000000015
2024-08-06,3.9,113.390625,-90000.00000000007,68750.0,-21250.000000000073
2024-08-07,3.96,112.890625,-45000.00000000004,50000.0,4999.999999999964
2024-08-08,3.99,112.65625,-22500.00000000019,23437.5,937.4999999998108
2024-08-09,3.94,112.953125,37500.0000000002,-29687.5,7812.500000000196
2024-08-12,3.9,113.234375,30000.00000000003,-28125.0,1875.000000000029
2024-08-13,3.85,113.625,37499.99999999987,-39062.5,-1562.500000000131
2024-08-14,3.83,113.765625,15000.000000000015,-14062.5,937.5000000000146
2024-08-15,3.92,112.953125,-67499.9999999999,81250.0,13750.000000000102
2024-08-16,3.89,113.109375,22499.99999999985,-15625.0,6874.999999999851
2024-08-19,3.86,113.21875,22500.00000000019,-10937.5,11562.50000000019
2024-08-20,3.82,113.5625,30000.00000000003,-34375.0,-4374.999999999971
2024-08-21,3.79,113.890625,22499.99999999985,-32812.5,-10312.50000000015
2024-08-22,3.86,113.296875,-52499.999999999876,59375.0,6875.000000000124
2024-08-23,3.81,113.703125,37499.99999999987,-40625.0,-3125.000000000131
2024-08-26,3.82,113.59375,-7499.999999999841,10937.5,3437.500000000159
2024-08-27,3.83,113.515625,-7500.000000000174,7812.5,312.4999999998263
2024-08-28,3.84,113.53125,-7499.999999999841,-1562.5,-9062.49999999984
2024-08-29,3.87,113.3125,-22500.00000000019,21875.0,-625.0000000001892
2024-08-30,3.91,113.046875,-30000.00000000003,26562.5,-3437.500000000029
2024-09-03,3.84,113.484375,52500.00000000022,-43750.0,8750.000000000218
2024-09-04,3.77,114.03125,52499.999999999876,-54687.5,-2187.5000000001237
2024-09-05,3.73,114.234375,30000.00000000003,-20312.5,9687.50000000003
2024-09-06,3.72,114.515625,7499.999999999841,-28125.0,-20625.00000000016
2024-09-09,3.7,114.515625,15000.000000000015,-0.0,15000.000000000015
2024-09-10,3.65,114.921875,37500.0000000002,-40625.0,-3124.9999999998035
2024-09-11,3.65,114.78125,-0.0,14062.5,14062.5
2024-09-12,3.68,114.6875,-22500.00000000019,9375.0,-13125.00000000019
2024-09-13,3.66,114.921875,15000.000000000015,-23437.5,-8437.499999999985
2024-09-16,3.63,115.078125,22500.00000000019,-15625.0,6875.000000000189
2024-09-17,3.65,114.921875,-15000.000000000015,15625.0,624.9999999999854
2024-09-27,3.75,114.734375,30000.00000000003,-32812.5,-2812.499999999971
2024-09-30,3.81,114.28125,-45000.00000000004,45312.5,312.4999999999636
2024-10-01,3.74,114.6875,52499.999999999876,-40625.0,11874.999999999876
2024-10-02,3.79,114.421875,-37499.99999999987,26562.5,-10937.499999999869
2024-10-03,3.85,113.90625,-45000.00000000004,51562.5,6562.499999999964
2024-10-04,3.98,112.84375,-97499.99999999993,106250.0,8750.000000000073
2024-10-07,4.03,112.484375,-37500.0000000002,35937.5,-1562.5000000001965
2024-10-08,4.04,112.46875,-7499.999999999841,1562.5,-5937.499999999841
2024-10-09,4.06,112.203125,-14999.999999999682,26562.5,11562.500000000318
2024-10-10,4.09,112.078125,-22500.00000000019,12500.0,-10000.00000000019
2024-10-11,4.08,112.25,7499.999999999841,-17187.5,-9687.50000000016
2024-10-15,4.03,112.4375,37499.99999999987,-18750.0,18749.99999999987
2024-10-16,4.02,112.53125,7500.000000000506,-9375.0,-1874.9999999994943
2024-10-17,4.09,112.046875,-52500.00000000022,48437.5,-4062.5000000002183
2024-10-18,4.08,112.21875,7499.999999999841,-17187.5,-9687.50000000016
2024-10-21,4.19,111.515625,-82500.00000000023,70312.5,-12187.500000000233
2024-10-22,4.2,111.34375,-7499.999999999841,17187.5,9687.50000000016
2024-10-23,4.24,111.03125,-30000.00000000003,31250.0,1249.999999999971
2024-10-24,4.21,111.28125,22500.00000000019,-25000.0,-2499.999999999811
2024-10-25,4.25,111.0625,-30000.00000000003,21875.0,-8125.000000000029
2024-10-28,4.28,110.703125,-22500.00000000019,35937.5,13437.49999999981
2024-10-29,4.28,110.75,-0.0,-4687.5,-4687.5
2024-10-30,4.29,110.703125,-7499.999999999841,4687.5,-2812.499999999841
2024-10-31,4.28,110.46875,7499.999999999841,23437.5,30937.49999999984
2024-11-01,4.37,110.03125,-67499.9999999999,43750.0,-23749.999999999898
2024-11-04,4.31,110.359375,45000.00000000038,-32812.5,12187.500000000378
2024-11-05,4.26,110.40625,37499.99999999987,-4687.5,32812.49999999987
2024-11-06,4.42,109.546875,-120000.00000000012,85937.5,-34062.50000000012
2024-11-07,4.31,110.1875,82500.00000000023,-64062.5,18437.500000000233
2024-11-08,4.3,110.28125,7499.999999999841,-9375.0,-1875.0000000001592
2024-11-12,4.43,109.421875,-97499.99999999993,85937.5,-11562.499999999927
2024-11-13,4.44,109.421875,-7500.000000000506,-0.0,-7500.000000000506
2024-11-14,4.43,109.546875,7500.000000000506,-12500.0,-4999.999999999494
2024-11-15,4.43,109.53125,-0.0,1562.5,1562.5
2024-11-18,4.42,109.625,7499.999999999841,-9375.0,-1875.0000000001592
2024-11-19,4.39,109.84375,22500.00000000019,-21875.0,625.0000000001892
2024-11-20,4.41,109.6875,-15000.000000000347,15625.0,624.9999999996526
2024-11-21,4.43,109.5,-14999.999999999682,18750.0,3750.0000000003183
2024-11-22,4.41,109.640625,14999.999999999682,-14062.5,937.4999999996817
2024-11-25,4.27,110.53125,105000.00000000044,-89062.5,15937.500000000437
2024-11-26,4.3,110.328125,-22500.00000000019,20312.5,-2187.500000000189
2024-11-27,4.25,110.734375,37499.99999999987,-40625.0,-3125.000000000131
2024-11-29,4.18,111.015625,52500.00000000022,-28125.0,24375.00000000022
2024-12-02,4.19,110.953125,-7500.000000000506,6250.0,-1250.0000000005057
2024-12-03,4.23,110.8125,-30000.00000000003,14062.5,-15937.50000000003
2024-12-04,4.19,111.109375,30000.00000000003,-29687.5,312.5000000000291
2024-12-05,4.17,111.0625,15000.000000000347,4687.5,19687.50000000035
2024-12-06,4.15,111.328125,14999.999999999682,-26562.5,-11562.500000000318
2024-12-09,4.2,111.0625,-37499.99999999987,26562.5,-10937.499999999869
2024-12-10,4.22,110.875,-14999.999999999682,18750.0,3750.0000000003183
2024-12-11,4.26,110.609375,-30000.00000000003,26562.5,-3437.500000000029
2024-12-12,4.32,110.3125,-45000.00000000038,29687.5,-15312.500000000378
2024-12-13,4.4,109.828125,-60000.00000000006,48437.5,-11562.500000000058
2024-12-16,4.39,109.8125,7500.000000000506,1562.5,9062.500000000506
2024-12-17,4.4,109.890625,-7500.000000000506,-7812.5,-15312.500000000506
2024-12-27,4.62,108.4375,-30000.00000000003,21875.0,-8125.000000000029
2024-12-30,4.55,108.96875,52500.00000000022,-53125.0,-624.9999999997817
2024-12-31,4.58,108.75,-22500.00000000019,21875.0,-625.0000000001892
2025-01-02,4.57,108.8125,7499.999999999841,-6250.0,1249.9999999998408
2025-01-03,4.6,108.640625,-22499.99999999952,17187.5,-5312.49999999952
2025-01-06,4.62,108.53125,-15000.000000000347,10937.5,-4062.5000000003474
2025-01-07,4.67,108.171875,-37499.99999999987,35937.5,-1562.499999999869
2025-01-08,4.67,108.140625,-0.0,3125.0,3125.0
2025-01-09,4.68,108.21875,-7499.999999999841,-7812.5,-15312.49999999984
2025-01-10,4.77,107.390625,-67499.9999999999,82812.5,15312.500000000102
2025-01-13,4.79,107.234375,-15000.000000000347,15625.0,624.9999999996526
2025-01-14,4.78,107.359375,7499.999999999841,-12500.0,-5000.000000000159
2025-01-15,4.66,108.328125,90000.00000000007,-96875.0,-6874.999999999927
2025-01-16,4.61,108.609375,37499.99999999987,-28125.0,9374.999999999869
2025-01-17,4.61,108.546875,-0.0,6250.0,6250.0
2025-01-21,4.57,108.734375,30000.00000000003,-18750.0,11250.00000000003
2025-01-22,4.6,108.5625,-22499.99999999952,17187.5,-5312.49999999952
2025-01-23,4.65,108.375,-37500.00000000053,18750.0,-18750.00000000053
2025-01-24,4.63,108.46875,15000.000000000347,-9375.0,5625.000000000347
2025-01-27,4.53,109.15625,74999.99999999974,-68750.0,6249.999999999738
2025-01-28,4.55,109.03125,-14999.999999999682,12500.0,-2499.9999999996817
2025-01-29,4.55,108.953125,-0.0,7812.5,7812.5
2025-01-30,4.52,109.234375,22500.00000000019,-28125.0,-5624.999999999811
2025-01-31,4.58,108.84375,-45000.00000000038,39062.5,-5937.500000000378
2025-02-03,4.54,108.953125,30000.00000000003,-10937.5,19062.50000000003
2025-02-04,4.52,109.203125,15000.000000000347,-25000.0,-9999.999999999653
2025-02-05,4.43,109.75,67499.9999999999,-54687.5,12812.499999999898
2025-02-06,4.45,109.578125,-15000.000000000347,17187.5,2187.4999999996526
2025-02-07,4.49,109.234375,-30000.00000000003,34375.0,4374.999999999971
2025-02-10,4.51,109.21875,-14999.999999999682,1562.5,-13437.499999999682
2025-02-11,4.54,108.953125,-22500.00000000019,26562.5,4062.499999999811
2025-02-12,4.62,108.265625,-60000.00000000006,68750.0,8749.999999999942
2025-02-13,4.52,108.96875,75000.0000000004,-70312.5,4687.500000000393
2025-02-14,4.47,109.3125,37499.99999999987,-34375.0,3124.999999999869
2025-02-18,4.55,108.84375,-60000.00000000006,46875.0,-13125.000000000058
2025-02-19,4.53,108.953125,14999.999999999682,-10937.5,4062.4999999996817
2025-02-20,4.5,109.171875,22500.00000000019,-21875.0,625.0000000001892
2025-02-21,4.42,109.6875,60000.00000000006,-51562.5,8437.500000000058
2025-02-24,4.4,109.875,14999.999999999682,-18750.0,-3750.0000000003183
2025-02-25,4.3,110.515625,75000.0000000004,-64062.5,10937.500000000393
2025-02-26,4.25,110.84375,37499.99999999987,-32812.5,4687.499999999869
2025-02-27,4.29,110.609375,-30000.00000000003,23437.5,-6562.500000000029
2025-02-28,4.24,111.0625,37499.99999999987,-45312.5,-7812.500000000131
2025-03-03,4.16,111.375,60000.00000000006,-31250.0,28750.00000000006
2025-03-04,4.22,111.21875,-44999.9999999997,15625.0,-29374.9999999997
2025-03-05,4.28,110.84375,-45000.00000000038,37500.0,-7500.000000000378
2025-03-06,4.29,110.78125,-7499.999999999841,6250.0,-1249.9999999998408
2025-03-07,4.32,110.546875,-22500.00000000019,23437.5,937.4999999998108
2025-03-10,4.22,111.28125,75000.0000000004,-73437.5,1562.500000000393
2025-03-11,4.28,110.8125,-45000.00000000038,46875.0,1874.9999999996217
2025-03-12,4.32,110.625,-30000.00000000003,18750.0,-11250.00000000003
2025-03-13,4.27,110.90625,37500.00000000053,-28125.0,9375.000000000531
2025-03-14,4.31,110.625,-30000.00000000003,28125.0,-1875.000000000029
2025-03-17,4.31,110.59375,-0.0,3125.0,3125.0
2025-03-27,4.38,110.421875,-22500.00000000019,14062.5,-8437.50000000019
2025-03-28,4.27,111.203125,82500.00000000023,-78125.0,4375.000000000233
2025-03-31,4.23,111.21875,29999.999999999363,-1562.5,28437.499999999363
2025-04-01,4.17,111.78125,45000.00000000038,-56250.0,-11249.999999999622
2025-04-02,4.2,111.5,-22500.00000000019,28125.0,5624.999999999811
2025-04-03,4.06,112.640625,105000.00000000044,-114062.5,-9062.499999999563
2025-04-04,4.01,113.046875,37499.99999999987,-40625.0,-3125.000000000131
2025-04-07,4.15,112.0625,-105000.00000000044,98437.5,-6562.500000000437
2025-04-08,4.26,111.46875,-82499.99999999956,59375.0,-23124.999999999563
2025-04-09,4.34,110.328125,-60000.00000000006,114062.5,54062.49999999994
2025-04-10,4.4,110.59375,-45000.00000000038,-26562.5,-71562.50000000038
2025-04-11,4.48,109.734375,-60000.00000000006,85937.5,25937.49999999994
2025-04-14,4.38,110.75,75000.0000000004,-101562.5,-26562.499999999607
2025-04-15,4.35,111.078125,22500.00000000019,-32812.5,-10312.49999999981
2025-04-16,4.29,111.421875,44999.9999999997,-34375.0,10624.999999999702
2025-04-17,4.34,111.171875,-37499.99999999987,25000.0,-12499.999999999869
2025-04-21,4.42,110.8125,-60000.00000000006,35937.5,-24062.50000000006
2025-04-22,4.41,110.796875,7499.999999999841,1562.5,9062.49999999984
2025-04-23,4.4,110.65625,7499.999999999841,14062.5,21562.49999999984
2025-04-24,4.32,111.21875,60000.00000000006,-56250.0,3750.000000000058
2025-04-25,4.29,111.515625,22500.00000000019,-29687.5,-7187.499999999811
2025-04-28,4.23,111.90625,44999.9999999997,-39062.5,5937.499999999702
2025-04-29,4.19,112.15625,30000.00000000003,-25000.0,5000.000000000029
2025-04-30,4.17,112.21875,15000.000000000347,-6250.0,8750.000000000347
2025-05-01,4.25,111.859375,-60000.00000000006,35937.5,-24062.50000000006
2025-05-02,4.33,111.15625,-60000.00000000006,70312.5,10312.499999999942
2025-05-05,4.36,111.0625,-22500.00000000019,9375.0,-13125.00000000019
2025-05-06,4.3,111.3125,45000.00000000038,-25000.0,20000.00000000038
2025-05-07,4.26,111.546875,30000.00000000003,-23437.5,6562.500000000029
2025-05-08,4.37,110.796875,-82500.00000000023,75000.0,-7500.000000000233
2025-05-09,4.37,110.8125,-0.0,-1562.5,-1562.5
2025-05-12,4.45,110.15625,-60000.00000000006,65625.0,5624.999999999942
2025-05-13,4.49,109.96875,-30000.00000000003,18750.0,-11250.00000000003
2025-05-14,4.53,109.71875,-30000.00000000003,25000.0,-5000.000000000029
2025-05-15,4.45,110.25,60000.00000000006,-53125.0,6875.000000000058
2025-05-16,4.43,110.328125,15000.000000000347,-7812.5,7187.500000000347
2025-05-19,4.46,110.140625,-22500.00000000019,18750.0,-3750.000000000189
2025-05-20,4.48,110.203125,-15000.000000000347,-6250.0,-21250.00000000035
2025-05-21,4.58,109.5,-74999.99999999974,70312.5,-4687.499999999738
2025-05-22,4.54,109.828125,30000.00000000003,-32812.5,-2812.499999999971
2025-05-23,4.51,110.078125,22500.00000000019,-25000.0,-2499.999999999811
2025-05-27,4.43,110.515625,60000.00000000006,-43750.0,16250.000000000058
2025-05-28,4.47,110.21875,-30000.00000000003,29687.5,-312.5000000000291
2025-05-29,4.43,110.640625,30000.00000000003,-42187.5,-12187.49999999997
2025-05-30,4.41,110.71875,14999.999999999682,-7812.5,7187.499999999682
2025-06-02,4.46,110.46875,-37499.99999999987,25000.0,-12499.999999999869
2025-06-03,4.46,110.453125,-0.0,1562.5,1562.5
2025-06-04,4.37,111.09375,67499.9999999999,-64062.5,3437.499999999898
2025-06-05,4.4,110.78125,-22500.00000000019,31250.0,8749.99999999981
2025-06-06,4.51,109.9375,-82499.99999999956,84375.0,1875.0000000004366
2025-06-09,4.49,110.171875,14999.999999999682,-23437.5,-8437.500000000318
2025-06-10,4.47,110.21875,15000.000000000347,-4687.5,10312.500000000347
2025-06-11,4.41,110.6875,44999.9999999997,-46875.0,-1875.0000000002983
2025-06-12,4.36,111.046875,37499.99999999987,-35937.5,1562.499999999869
2025-06-13,4.41,110.625,-37499.99999999987,42187.5,4687.500000000131
2025-06-16,4.46,110.5,-37499.99999999987,12500.0,-24999.99999999987
2025-06-17,4.39,110.84375,52500.00000000022,-34375.0,18125.00000000022
2025-06-27,4.29,111.8125,-22500.00000000019,20312.5,-2187.500000000189
2025-06-30,4.24,112.125,37499.99999999987,-31250.0,6249.999999999869
2025-07-01,4.26,111.859375,-14999.999999999682,26562.5,11562.500000000318
2025-07-02,4.3,111.625,-30000.00000000003,23437.5,-6562.500000000029
2025-07-03,4.35,111.21875,-37499.99999999987,40625.0,3125.000000000131
2025-07-07,4.4,110.921875,-37500.00000000053,29687.5,-7812.500000000531
2025-07-08,4.42,110.78125,-14999.999999999682,14062.5,-937.4999999996817
2025-07-09,4.34,111.265625,60000.00000000006,-48437.5,11562.500000000058
2025-07-10,4.35,111.21875,-7499.999999999841,4687.5,-2812.499999999841
2025-07-11,4.43,110.71875,-60000.00000000006,50000.0,-10000.000000000058
2025-07-14,4.43,110.765625,-0.0,-4687.5,-4687.5
2025-07-15,4.5,110.28125,-52500.00000000022,48437.5,-4062.5000000002183
2025-07-16,4.46,110.625,30000.00000000003,-34375.0,-4374.999999999971
2025-07-17,4.47,110.515625,-7499.999999999841,10937.5,3437.500000000159
2025-07-18,4.44,110.78125,22499.99999999952,-26562.5,-4062.50000000048
2025-07-21,4.38,111.1875,45000.00000000038,-40625.0,4375.000000000378
2025-07-22,4.35,111.40625,22500.00000000019,-21875.0,625.0000000001892
2025-07-23,4.4,111.015625,-37500.00000000053,39062.5,1562.4999999994689
2025-07-24,4.43,110.828125,-22499.99999999952,18750.0,-3749.99999999952
2025-07-25,4.4,110.984375,22499.99999999952,-15625.0,6874.99999999952
2025-07-28,4.42,110.765625,-14999.999999999682,21875.0,6875.000000000318
2025-07-29,4.34,111.359375,60000.00000000006,-59375.0,625.0000000000582
2025-07-30,4.38,111.0,-30000.00000000003,35937.5,5937.499999999971
2025-07-31,4.37,111.0625,7499.999999999841,-6250.0,1249.9999999998408
2025-08-01,4.23,112.203125,104999.99999999975,-114062.5,-9062.500000000247
2025-08-04,4.22,112.375,7500.000000000506,-17187.5,-9687.499999999494
2025-08-05,4.22,112.296875,-0.0,7812.5,7812.5
2025-08-06,4.22,112.234375,-0.0,6250.0,6250.0
2025-08-07,4.23,112.09375,-7500.000000000506,14062.5,6562.499999999494
2025-08-08,4.27,111.828125,-29999.999999999363,26562.5,-3437.4999999993634
2025-08-11,4.27,111.890625,-0.0,-6250.0,-6250.0
2025-08-12,4.29,111.8125,-15000.000000000347,7812.5,-7187.500000000347
2025-08-13,4.24,112.171875,37499.99999999987,-35937.5,1562.499999999869
2025-08-14,4.29,111.796875,-37499.99999999987,37500.0,1.3096723705530167e-10
2025-08-15,4.33,111.59375,-30000.00000000003,20312.5,-9687.50000000003
2025-08-18,4.34,111.515625,-7499.999999999841,7812.5,312.50000000015916
2025-08-19,4.3,111.765625,30000.00000000003,-25000.0,5000.000000000029
2025-08-20,4.29,111.859375,7499.999999999841,-9375.0,-1875.0000000001592
2025-08-21,4.33,111.546875,-30000.00000000003,31250.0,1249.999999999971
2025-08-22,4.26,112.140625,52500.00000000022,-59375.0,-6874.999999999782
2025-08-25,4.28,111.96875,-15000.000000000347,17187.5,2187.4999999996526
2025-08-26,4.26,112.203125,15000.000000000347,-23437.5,-8437.499999999653
2025-08-27,4.24,112.40625,14999.999999999682,-20312.5,-5312.500000000318
2025-08-28,4.22,112.53125,15000.000000000347,-12500.0,2500.0000000003474
2025-08-29,4.23,112.453125,-7500.000000000506,7812.5,312.4999999994943
2025-09-02,4.28,112.140625,-37499.99999999987,31250.0,-6249.999999999869
2025-09-03,4.22,112.59375,45000.00000000038,-45312.5,-312.49999999962165
2025-09-04,4.17,112.828125,37499.99999999987,-23437.5,14062.499999999869
2025-09-05,4.1,113.359375,52500.00000000022,-53125.0,-624.9999999997817
2025-09-08,4.05,113.5,37499.99999999987,-14062.5,23437.49999999987
2025-09-09,4.08,113.3125,-22500.00000000019,18750.0,-3750.000000000189
2025-09-10,4.04,113.515625,30000.00000000003,-20312.5,9687.50000000003
2025-09-11,4.01,113.59375,22500.00000000019,-7812.5,14687.50000000019
2025-09-12,4.06,113.25,-37499.99999999987,34375.0,-3124.999999999869
2025-09-15,4.05,113.40625,7499.999999999841,-15625.0,-8125.000000000159
2025-09-16,4.04,113.515625,7499.999999999841,-10937.5,-3437.500000000159
2025-09-17,4.06,113.09375,-14999.999999999682,42187.5,27187.50000000032
2025-09-29,4.15,112.515625,37499.99999999987,-25000.0,12499.999999999869
2025-09-30,4.16,112.5,-7499.999999999841,1562.5,-5937.499999999841
2025-10-01,4.12,112.84375,30000.00000000003,-34375.0,-4374.999999999971
2025-10-02,4.1,112.921875,15000.000000000347,-7812.5,7187.500000000347
2025-10-03,4.13,112.671875,-22500.00000000019,25000.0,2499.999999999811
2025-10-06,4.18,112.390625,-37499.99999999987,28125.0,-9374.999999999869
2025-10-07,4.14,112.671875,30000.00000000003,-28125.0,1875.000000000029
2025-10-08,4.13,112.609375,7499.999999999841,6250.0,13749.99999999984
2025-10-09,4.14,112.484375,-7499.999999999841,12500.0,5000.000000000159
2025-10-10,4.05,113.140625,67499.9999999999,-65625.0,1874.9999999998981
2025-10-14,4.03,113.40625,14999.999999999682,-26562.5,-11562.500000000318
2025-10-15,4.05,113.234375,-14999.999999999682,17187.5,2187.5000000003183
2025-10-16,3.99,113.75,44999.9999999997,-51562.5,-6562.500000000298
2025-10-17,4.02,113.46875,-22499.99999999952,28125.0,5625.00000000048
2025-10-20,4.0,113.59375,14999.999999999682,-12500.0,2499.9999999996817
2025-10-21,3.98,113.75,15000.000000000015,-15625.0,-624.9999999999854
2025-10-22,3.97,113.796875,7499.999999999841,-4687.5,2812.499999999841
2025-10-23,4.01,113.484375,-29999.999999999694,31250.0,1250.0000000003056
2025-10-24,4.02,113.4375,-7499.999999999841,4687.5,-2812.499999999841
2025-10-27,4.01,113.421875,7499.999999999841,1562.5,9062.49999999984
2025-10-28,3.99,113.46875,14999.999999999682,-4687.5,10312.499999999682
2025-10-29,4.08,112.90625,-67499.9999999999,56250.0,-11249.999999999898
2025-10-30,4.11,112.703125,-22500.00000000019,20312.5,-2187.500000000189
2025-10-31,4.11,112.671875,-0.0,3125.0,3125.0
2025-11-03,4.13,112.671875,-14999.999999999682,-0.0,-14999.999999999682
2025-11-04,4.1,112.78125,22500.00000000019,-10937.5,11562.50000000019
2025-11-05,4.17,112.328125,-52500.00000000022,45312.5,-7187.500000000218
2025-11-06,4.11,112.828125,44999.9999999997,-50000.0,-5000.000000000298
2025-11-07,4.11,112.859375,-0.0,-3125.0,-3125.0
2025-11-10,4.13,112.6875,-14999.999999999682,17187.5,2187.5000000003183
2025-11-12,4.08,113.0,37499.99999999987,-31250.0,6249.999999999869
2025-11-13,4.11,112.765625,-22500.00000000019,23437.5,937.4999999998108
2025-11-14,4.14,112.53125,-22499.99999999952,23437.5,937.5000000004802
2025-11-17,4.13,112.640625,7499.999999999841,-10937.5,-3437.500000000159
2025-11-18,4.12,112.78125,7499.999999999841,-14062.5,-6562.500000000159
2025-11-19,4.13,112.6875,-7499.999999999841,9375.0,1875.0000000001592
2025-11-20,4.1,112.875,22500.00000000019,-18750.0,3750.000000000189
2025-11-21,4.06,113.25,30000.00000000003,-37500.0,-7499.999999999971
2025-11-24,4.04,113.375,14999.999999999682,-12500.0,2499.9999999996817
2025-11-25,4.01,113.640625,22500.00000000019,-26562.5,-4062.499999999811
2025-11-26,4.0,113.625,7499.999999999841,1562.5,9062.49999999984
2025-11-28,4.02,113.421875,-14999.999999999682,20312.5,5312.500000000318
2025-12-01,4.09,112.9375,-52500.00000000022,48437.5,-4062.5000000002183
2025-12-02,4.09,113.0,-0.0,-6250.0,-6250.0
2025-12-03,4.06,113.21875,22500.00000000019,-21875.0,625.0000000001892
2025-12-04,4.11,112.84375,-37500.00000000053,37500.0,-5.311449058353901e-10
2025-12-05,4.14,112.640625,-22499.99999999952,20312.5,-2187.49999999952
2025-12-08,4.17,112.390625,-22500.00000000019,25000.0,2499.999999999811
2025-12-09,4.18,112.234375,-7499.999999999841,15625.0,8125.000000000159
2025-12-10,4.13,112.359375,37499.99999999987,-12500.0,24999.99999999987
2025-12-11,4.14,112.609375,-7499.999999999841,-25000.0,-32499.99999999984
2025-12-12,4.19,112.34375,-37500.00000000053,26562.5,-10937.500000000531
2025-12-15,4.18,112.453125,7500.000000000506,-10937.5,-3437.4999999994943
2025-12-16,4.15,112.6875,22499.99999999952,-23437.5,-937.5000000004802
2025-12-17,4.16,112.671875,-7499.999999999841,1562.5,-5937.499999999841
2025-12-29,4.12,112.71875,14999.999999999682,-14062.5,937.4999999996817
2025-12-30,4.14,112.640625,-14999.999999999682,7812.5,-7187.499999999682
2025-12-31,4.18,112.4375,-30000.00000000003,20312.5,-9687.50000000003
2026-01-02,4.19,112.203125,-7500.000000000506,23437.5,15937.499999999494
2026-01-05,4.17,112.421875,15000.000000000347,-21875.0,-6874.999999999653
2026-01-06,4.18,112.328125,-7499.999999999841,9375.0,1875.0000000001592
2026-01-07,4.15,112.578125,22499.99999999952,-25000.0,-2500.00000000048
2026-01-08,4.19,112.25,-30000.00000000003,32812.5,2812.499999999971
2026-01-09,4.18,112.21875,7500.000000000506,3125.0,10625.000000000506
2026-01-12,4.19,112.140625,-7500.000000000506,7812.5,312.4999999994943
2026-01-13,4.18,112.265625,7500.000000000506,-12500.0,-4999.999999999494
2026-01-14,4.15,112.46875,22499.99999999952,-20312.5,2187.49999999952
2026-01-15,4.17,112.21875,-14999.999999999682,25000.0,10000.000000000318
2026-01-16,4.24,111.75,-52500.00000000022,46875.0,-5625.000000000218
2026-01-20,4.3,111.421875,-44999.9999999997,32812.5,-12187.499999999702
2026-01-21,4.26,111.65625,30000.00000000003,-23437.5,6562.500000000029
2026-01-22,4.26,111.59375,-0.0,6250.0,6250.0
2026-01-23,4.24,111.671875,14999.999999999682,-7812.5,7187.499999999682
2026-01-26,4.22,111.828125,15000.000000000347,-15625.0,-624.9999999996526
2026-01-27,4.24,111.796875,-15000.000000000347,3125.0,-11875.000000000347
2026-01-28,4.26,111.640625,-14999.999999999682,15625.0,625.0000000003183
2026-01-29,4.24,111.859375,14999.999999999682,-21875.0,-6875.000000000318
2026-01-30,4.26,111.828125,-14999.999999999682,3125.0,-11874.999999999682
2026-02-02,4.29,111.59375,-22500.00000000019,23437.5,937.4999999998108
2026-02-03,4.28,111.59375,7499.999999999841,-0.0,7499.999999999841
2026-02-04,4.29,111.609375,-7499.999999999841,-1562.5,-9062.49999999984
2026-02-05,4.21,112.125,60000.00000000006,-51562.5,8437.500000000058
2026-02-06,4.22,112.109375,-7499.999999999841,1562.5,-5937.499999999841
2026-02-09,4.22,112.1875,-0.0,-7812.5,-7812.5
2026-02-10,4.16,112.515625,44999.9999999997,-32812.5,12187.499999999702
2026-02-11,4.18,112.28125,-14999.999999999682,23437.5,8437.500000000318
2026-02-12,4.09,112.796875,67499.9999999999,-51562.5,15937.499999999898
2026-02-13,4.04,113.171875,37499.99999999987,-37500.0,-1.3096723705530167e-10
2026-02-17,4.05,113.125,-7499.999999999841,4687.5,-2812.499999999841
2026-02-18,4.09,112.953125,-30000.00000000003,17187.5,-12812.50000000003
2026-02-19,4.08,112.96875,7499.999999999841,-1562.5,5937.499999999841
2026-02-20,4.08,112.9375,-0.0,3125.0,3125.0
2026-02-23,4.03,113.375,37499.99999999987,-43750.0,-6250.000000000131
2026-02-24,4.04,113.296875,-7499.999999999841,7812.5,312.50000000015916
2026-02-25,4.05,113.171875,-7499.999999999841,12500.0,5000.000000000159
2026-02-26,4.02,113.421875,22500.00000000019,-25000.0,-2499.999999999811
2026-02-27,3.97,113.859375,37499.999999999534,-43750.0,-6250.000000000466
2026-03-02,4.05,113.15625,-59999.999999999716,70312.5,10312.500000000284
2026-03-03,4.06,113.109375,-7499.999999999841,4687.5,-2812.499999999841
2026-03-04,4.09,112.90625,-22500.00000000019,20312.5,-2187.500000000189
2026-03-05,4.13,112.421875,-30000.00000000003,48437.5,18437.49999999997
2026-03-06,4.15,112.5625,-15000.000000000347,-14062.5,-29062.50000000035
2026-03-09,4.12,112.484375,22500.00000000019,7812.5,30312.50000000019
2026-03-10,4.15,112.578125,-22500.00000000019,-9375.0,-31875.00000000019
2026-03-11,4.21,112.125,-44999.9999999997,45312.5,312.5000000002983
2026-03-12,4.27,111.5625,-44999.9999999997,56250.0,11250.000000000298
2026-03-13,4.28,111.5625,-7500.000000000506,-0.0,-7500.000000000506
2026-03-16,4.23,112.03125,37499.99999999987,-46875.0,-9375.000000000131
2026-03-17,4.2,112.140625,22500.00000000019,-10937.5,11562.50000000019
2026-03-27,4.44,110.15625,-15000.000000000347,1562.5,-13437.500000000347
2026-03-30,4.35,110.8125,67500.00000000055,-65625.0,1875.000000000553
2026-03-31,4.3,111.046875,37499.99999999987,-23437.5,14062.499999999869
2026-04-01,4.33,110.984375,-22500.00000000019,6250.0,-16250.00000000019
2026-04-02,4.31,111.015625,15000.000000000347,-3125.0,11875.000000000347
2026-04-06,4.34,110.8125,-22500.00000000019,20312.5,-2187.500000000189
2026-04-07,4.33,110.859375,7499.999999999841,-4687.5,2812.499999999841
2026-04-08,4.29,111.234375,30000.00000000003,-37500.0,-7499.999999999971
2026-04-09,4.29,111.234375,-0.0,-0.0,-0.0
2026-04-10,4.31,111.09375,-14999.999999999682,14062.5,-937.4999999996817
2026-04-13,4.3,111.234375,7499.999999999841,-14062.5,-6562.500000000159
2026-04-14,4.26,111.53125,30000.00000000003,-29687.5,312.5000000000291
2026-04-15,4.29,111.359375,-22500.00000000019,17187.5,-5312.500000000189
2026-04-16,4.32,111.21875,-22500.00000000019,14062.5,-8437.50000000019
2026-04-17,4.26,111.71875,45000.00000000038,-50000.0,-4999.999999999622
2026-04-20,4.26,111.65625,-0.0,6250.0,6250.0
2026-04-21,4.3,111.296875,-30000.00000000003,35937.5,5937.499999999971
2026-04-22,4.3,111.28125,-0.0,1562.5,1562.5
2026-04-23,4.34,111.046875,-30000.00000000003,23437.5,-6562.500000000029
2026-04-24,4.31,111.21875,22500.00000000019,-17187.5,5312.500000000189
2026-04-27,4.35,111.03125,-30000.00000000003,18750.0,-11250.00000000003
2026-04-28,4.36,110.859375,-7500.000000000506,17187.5,9687.499999999494
2026-04-29,4.42,110.359375,-44999.9999999997,50000.0,5000.000000000298
2026-04-30,4.4,110.59375,14999.999999999682,-23437.5,-8437.500000000318
2026-05-01,4.39,110.640625,7500.000000000506,-4687.5,2812.5000000005057
2026-05-04,4.45,110.171875,-45000.00000000038,46875.0,1874.9999999996217
2026-05-05,4.43,110.34375,15000.000000000347,-17187.5,-2187.4999999996526
2026-05-06,4.36,110.796875,52499.99999999955,-45312.5,7187.499999999549
2026-05-07,4.41,110.515625,-37499.99999999987,28125.0,-9374.999999999869
2026-05-08,4.38,110.75,22500.00000000019,-23437.5,-937.4999999998108
2026-05-11,4.42,110.40625,-30000.00000000003,34375.0,4374.999999999971
2026-05-12,4.46,110.03125,-30000.00000000003,37500.0,7499.999999999971
2026-05-13,4.46,110.0,-0.0,3125.0,3125.0
2026-05-14,4.47,110.109375,-7499.999999999841,-10937.5,-18437.49999999984
2026-05-15,4.59,109.171875,-90000.00000000007,93750.0,3749.9999999999272
2026-05-18,4.61,109.015625,-15000.000000000347,15625.0,624.9999999996526
2026-05-19,4.67,108.703125,-44999.9999999997,31250.0,-13749.999999999702
2026-05-20,4.57,109.40625,74999.99999999974,-70312.5,4687.499999999738
2026-05-21,4.57,109.234375,-0.0,17187.5,17187.5
2026-05-22,4.56,109.25,7500.000000000506,-1562.5,5937.500000000506
2026-05-26,4.5,109.828125,44999.9999999997,-57812.5,-12812.500000000298
2026-05-27,4.48,109.90625,14999.999999999682,-7812.5,7187.499999999682
2026-05-28,4.45,110.046875,22500.00000000019,-14062.5,8437.50000000019
2026-05-29,4.45,110.078125,-0.0,-3125.0,-3125.0
2026-06-01,4.47,109.859375,-14999.999999999682,21875.0,6875.000000000318
2026-06-02,4.46,109.953125,7499.999999999841,-9375.0,-1875.0000000001592
2026-06-03,4.49,109.71875,-22500.00000000019,23437.5,937.4999999998108
2026-06-04,4.47,109.84375,15000.000000000347,-12500.0,2500.0000000003474
2026-06-05,4.55,109.34375,-60000.00000000006,50000.0,-10000.000000000058
2026-06-08,4.56,109.296875,-7499.999999999841,4687.5,-2812.499999999841
2026-06-09,4.53,109.484375,22499.99999999952,-18750.0,3749.99999999952
2026-06-10,4.55,109.40625,-14999.999999999682,7812.5,-7187.499999999682
2026-06-11,4.45,109.9375,74999.99999999974,-53125.0,21874.999999999738
2026-06-12,4.48,109.78125,-22500.00000000019,15625.0,-6875.000000000189
2026-06-15,4.47,109.90625,7500.000000000506,-12500.0,-4999.999999999494
2026-06-16,4.43,110.1875,30000.00000000003,-28125.0,1875.000000000029
2026-06-17,4.49,109.8125,-45000.00000000038,37500.0,-7500.000000000378
2026-06-29,4.38,110.1875,-0.0,7812.5,7812.5
2026-06-30,4.44,109.890625,-45000.00000000038,29687.5,-15312.500000000378
2026-07-01,4.48,109.578125,-30000.00000000003,31250.0,1249.999999999971
2026-07-02,4.49,109.578125,-7499.999999999841,-0.0,-7499.999999999841
2026-07-06,4.48,109.640625,7499.999999999841,-6250.0,1249.9999999998408
2026-07-07,4.55,109.328125,-52499.99999999955,31250.0,-21249.99999999955
2026-07-08,4.56,109.0,-7499.999999999841,32812.5,25312.50000000016
2026-07-09,4.54,109.265625,14999.999999999682,-26562.5,-11562.500000000318
2026-07-10,4.56,109.03125,-14999.999999999682,23437.5,8437.500000000318
2026-07-13,4.62,108.703125,-45000.00000000038,32812.5,-12187.500000000378
2026-07-14,4.58,108.921875,30000.00000000003,-21875.0,8125.000000000029
2026-07-15,4.55,109.296875,22500.00000000019,-37500.0,-14999.99999999981
2026-07-16,4.57,109.140625,-15000.000000000347,15625.0,624.9999999996526
2026-07-17,4.55,109.265625,15000.000000000347,-12500.0,2500.0000000003474
2026-07-20,4.6,108.859375,-37499.99999999987,40625.0,3125.000000000131
2026-07-21,4.63,108.640625,-22500.00000000019,21875.0,-625.0000000001892
2026-07-22,4.67,108.421875,-30000.00000000003,21875.0,-8125.000000000029
2026-07-23,4.71,108.09375,-30000.00000000003,32812.5,2812.499999999971
2026-07-24,4.69,108.328125,14999.999999999682,-23437.5,-8437.500000000318
2026-07-27,4.65,108.578125,30000.00000000003,-25000.0,5000.000000000029
2026-07-28,4.61,108.8125,30000.00000000003,-23437.5,6562.500000000029
2026-07-29,4.67,108.78125,-44999.9999999997,3125.0,-41874.9999999997
2026-07-30,4.68,108.546875,-7499.999999999841,23437.5,15937.50000000016
2026-07-31,4.75,108.0,-52500.00000000022,54687.5,2187.4999999997817
2026-08-03,4.7,108.421875,37499.99999999987,-42187.5,-4687.500000000131
2026-08-04,4.63,108.84375,52500.00000000022,-42187.5,10312.500000000218
2026-08-05,4.63,108.890625,-0.0,-4687.5,-4687.5
2026-08-06,4.69,108.5,-45000.00000000038,39062.5,-5937.500000000378
2026-08-07,4.65,108.640625,30000.00000000003,-14062.5,15937.50000000003
2026-08-10,4.72,108.375,-52499.99999999955,26562.5,-25937.49999999955
2026-08-11,4.7,108.484375,14999.999999999682,-10937.5,4062.4999999996817
2026-08-12,4.68,108.546875,15000.000000000347,-6250.0,8750.000000000347
2026-08-13,4.63,108.921875,37499.99999999987,-37500.0,-1.3096723705530167e-10
2026-08-14,4.68,108.578125,-37499.99999999987,34375.0,-3124.999999999869
2026-08-17,4.72,108.453125,-30000.00000000003,12500.0,-17500.00000000003
2026-08-18,4.71,108.5625,7499.999999999841,-10937.5,-3437.500000000159
2026-08-19,4.65,108.78125,44999.9999999997,-21875.0,23124.9999999997
2026-08-20,4.69,108.5,-30000.00000000003,28125.0,-1875.000000000029
2026-08-21,4.74,108.265625,-37499.99999999987,23437.5,-14062.499999999869
2026-08-24,4.7,108.453125,30000.00000000003,-18750.0,11250.00000000003
2026-08-25,4.64,108.859375,45000.00000000038,-40625.0,4375.000000000378
2026-08-26,4.66,108.65625,-15000.000000000347,20312.5,5312.499999999653
2026-08-27,4.67,108.578125,-7499.999999999841,7812.5,312.50000000015916
2026-08-28,4.73,108.109375,-45000.00000000038,46875.0,1874.9999999996217
2026-08-31,4.75,107.90625,-14999.999999999682,20312.5,5312.500000000318
2026-09-01,4.79,107.625,-30000.00000000003,28125.0,-1875.000000000029
2026-09-02,4.79,107.671875,-0.0,-4687.5,-4687.5
2026-09-03,4.77,107.921875,15000.000000000347,-25000.0,-9999.999999999653
2026-09-04,4.78,107.734375,-7500.000000000506,18750.0,11249.999999999494
2026-09-08,4.8,107.578125,-14999.999999999682,15625.0,625.0000000003183
2026-09-09,4.83,107.34375,-22500.00000000019,23437.5,937.4999999998108
2026-09-10,4.95,106.640625,-90000.00000000007,70312.5,-19687.500000000073
